date,season,neutral,playoff,team1,team2,elo1_pre,elo2_pre,elo_prob1,elo_prob2,elo1_post,elo2_post,qbelo1_pre,qbelo2_pre,qb1,qb2,qb1_value_pre,qb2_value_pre,qb1_adj,qb2_adj,qbelo_prob1,qbelo_prob2,qb1_game_value,qb2_game_value,qb1_value_post,qb2_value_post,qbelo1_post,qbelo2_post,score1,score2
2019-09-05,2019,0,,CHI,GB,1588.89793144843,1455.13136993533,0.7584485193045968,0.24155148069540322,1554.22203086172,1489.80727052204,1560.45369029,1519.1959068,Mitchell Trubisky,Aaron Rodgers,174.9582689217,191.50216646682,5.972961817350008,2.8784595288900054,0.64018164190049,0.35981835809951,-36.62708336166,74.72930727437999,153.799733693364,179.82488054757602,1532.56028709753,1547.08930999247,3,10
2019-09-08,2019,0,,MIN,ATL,1538.42395425995,1520.31582461035,0.6173720777976055,0.3826279222023945,1559.31605609263,1499.42372277767,1539.6925517,1522.49852923,Kirk Cousins,Matt Ryan,175.32515266035,230.53827939219,0.36781960017000087,10.920207228480034,0.592844833387617,0.407155166612383,127.86158094567,210.62268581706,170.578795488882,228.546720034677,1562.09891971605,1500.09216121395,28,12
2019-09-08,2019,0,,PHI,WSH,1581.51355925233,1441.02179176339,0.7654698543324963,0.23453014566750374,1589.200033619,1433.33531739672,1583.23304804,1423.636541,Carson Wentz,Case Keenum,183.50919280716,139.2241339764,2.600803410149995,3.4123033956000164,0.774389549700803,0.225610450299197,355.5442720071,364.28900623136997,200.712700727154,161.730621201897,1590.60039522611,1416.26919381389,32,27
2019-09-08,2019,0,,NYJ,BUF,1384.96644235941,1448.42368150679,0.5022201967461954,0.49777980325380455,1377.99930635302,1455.39081751318,1451.59103106,1462.67407273,Sam Darnold,Josh Allen,115.48441421451,151.00717007078998,-0.07271733215999561,12.822434585729988,0.546113784234279,0.453886215765721,112.06274153547,182.00507213987999,115.14224694660598,154.106960277699,1443.90806466366,1470.35703912634,16,17
2019-09-08,2019,0,,JAX,KC,1455.24907275187,1602.07742712331,0.38436967604805045,0.6156303239519496,1435.17777134696,1622.14872852822,1483.65036114,1607.64637546,Nick Foles,Patrick Mahomes,171.83710458024,221.81181064877998,14.392349819100012,6.970182024299966,0.41564481890163,0.58435518109837,88.35474029019,433.18748048762995,163.488868151235,242.94937763266495,1461.72834082481,1629.56839577519,26,40
2019-09-08,2019,0,,CLE,TEN,1455.88640137805,1518.90720352913,0.5028482638546541,0.4971517361453459,1421.31981397536,1553.47379093182,1508.71831839,1502.78808137,Baker Mayfield,Marcus Mariota,172.00309333647,129.5163322233,7.658327563259995,-0.9850907018699991,0.601345066440458,0.398654933559542,-11.008486035029998,197.93253113403,153.70193539931995,136.357952114373,1466.0325390356,1545.4738607244,13,43
2019-09-08,2019,0,,MIA,BAL,1415.17876187059,1570.53924891259,0.37281557491111966,0.6271844250888803,1387.16030057606,1598.55771020712,1375.95596601,1536.47249803,Ryan Fitzpatrick,Lamar Jackson,160.81186355025,122.90448728976,12.77091650868,-9.249038325779988,0.387249691884048,0.612750308115952,21.07686282999,422.47978220778,146.838363478224,152.86201678156198,1346.71685104451,1565.71161299549,10,59
2019-09-08,2019,0,,CAR,LAR,1519.37877240763,1598.01566621671,0.4803850039945628,0.5196149960054373,1506.14172298054,1611.2527156438,1513.58846646,1590.22702089,Cam Newton,Jared Goff,177.31618401155998,154.32404567943,1.4555715309299941,-2.0256502975500146,0.475029617040791,0.524970382959209,49.37575728954,64.16422839651,164.52214133935797,145.30806395113797,1500.52099662284,1603.29449072716,27,30
2019-09-08,2019,0,,SEA,CIN,1565.41164859357,1428.5335151433,0.7617148036094071,0.23828519639059287,1568.43733721152,1425.50782652535,1543.85670887,1414.9584852,Russell Wilson,Andy Dalton,177.20464685318998,123.09229599084,1.4280192088799986,-1.2221746056299814,0.753839702275325,0.246160297724675,111.43732831406999,295.65058110918,170.627914999278,140.34812450267398,1546.99212376182,1411.82307030818,21,20
2019-09-08,2019,0,,LAC,IND,1585.75191800581,1561.07456529967,0.6262644674526644,0.3737355325473356,1599.72736029222,1547.09912301326,1582.6904467,1506.97499853,Philip Rivers,Jacoby Brissett,167.62204809537,108.20605277163,-2.392167948390006,-27.587566727490007,0.718804742277093,0.281195257722907,244.62140254497,218.17424115827998,175.32198354033,119.202871610295,1592.8789915703,1496.7864536597,30,24
2019-09-08,2019,0,,DAL,NYG,1546.63760540507,1442.7255357616,0.7255848739644275,0.2744151260355725,1561.64531234901,1427.71782881766,1542.74175158,1424.9675833,Dak Prescott,Eli Manning,181.38183186585,135.95389421196,4.648537297800001,-1.3907580149099892,0.742930298711618,0.257069701288382,503.57367942881996,262.38319656251997,213.60101662214697,148.596824447016,1556.70976057135,1410.99957430865,35,17
2019-09-08,2019,0,,TB,SF,1444.77266859125,1422.63182461207,0.622840671248458,0.377159328751542,1409.64771139295,1457.75678181037,1443.86845344,1478.88925548,Jameis Winston,Jimmy Garoppolo,170.58036357383997,141.95677213575,2.1512597515199885,0.6191984472300042,0.545569286351451,0.454430713648549,-75.78212156526,68.89315865652,145.94411505992997,134.65041078782698,1413.88714894409,1508.87055997591,17,31
2019-09-08,2019,0,,ARI,DET,1383.74042223536,1490.51940926969,0.44016333887878134,0.5598366611212187,1385.56534920517,1488.69448229988,1383.75510633,1463.42003565,Kyler Murray,Matthew Stafford,112.90158,141.23856869066998,5.708332820190001,-4.964783410620012,0.489629651407836,0.510370348592164,75.82058549736,328.50198406311,109.19348054973601,159.96491022791398,1384.07138615708,1463.10375582292,27,27
2019-09-08,2019,0,,NE,PIT,1640.85648810958,1572.19321967273,0.6833970641922035,0.3166029358077965,1661.35527196907,1551.69443581324,1635.07731396,1557.3313847,Tom Brady,Ben Roethlisberger,215.65951980507,250.02469046477998,5.383617580440031,11.744404700489996,0.676629407595253,0.323370592404747,348.13987120704,116.71156967382001,228.907554945267,236.69337838568396,1656.06286456854,1536.34583409146,33,3
2019-09-09,2019,0,,NO,HOU,1610.93660317005,1515.38853097227,0.7158948727512396,0.28410512724876036,1616.75446431035,1509.57066983197,1596.19850233,1526.88088289,Drew Brees,Deshaun Watson,224.38122753618,191.75953761821998,7.679015260289999,5.778882856559985,0.675670166156079,0.324329833843921,319.01734000619996,225.13956202517997,233.844838783182,195.09754005891597,1602.93438478568,1520.14500043432,30,28
2019-09-09,2019,0,,OAK,DEN,1405.44061778861,1449.16419458668,0.5305810160650128,0.46941898393498716,1425.87140811396,1428.73340426133,1416.51391312,1459.85271934,Derek Carr,Joe Flacco,137.09006674538998,146.88498461570998,-3.5537933224200016,2.159314295489994,0.513941852158292,0.486058147841708,294.57440500586995,151.0267941039,152.83850057143798,147.29916556452898,1437.77982169857,1438.58681076143,24,16
2019-09-12,2019,0,,CAR,TB,1506.14172298054,1409.64771139295,0.7170010787278287,0.2829989212721713,1476.02669457636,1439.76273979713,1500.52099662284,1413.88714894409,Cam Newton,Jameis Winston,164.522141339358,145.94411505993,-5.014228381717485,-10.274427493010997,0.702107007310583,0.297892992689417,55.184791739318996,111.08230799230948,153.5884063793541,142.45793435316796,1471.21207693023,1443.1960686367,14,20
2019-09-15,2019,0,,WSH,DAL,1433.33531739672,1561.64531234901,0.4098848002257198,0.5901151997742802,1414.22795853294,1580.75267121279,1416.26919381389,1556.70976057135,Case Keenum,Dak Prescott,161.730621201897,213.60101662214697,14.494931838568508,20.52570281105849,0.377841001056838,0.622158998943162,226.460327750019,428.48334942236994,168.2035918567092,235.08924990216929,1398.83528542337,1574.14366896187,21,31
2019-09-15,2019,0,,GB,MIN,1489.80727052204,1559.31605609263,0.49351170020322305,0.506488299796777,1507.99464875202,1541.12867786265,1547.08930999247,1562.09891971605,Aaron Rodgers,Kirk Cousins,179.824880547576,170.57879548888198,-3.1041064071764963,-2.0237499655725,0.557225547356222,0.442774452643778,200.057842541832,17.970561822047998,181.8481767470016,155.31797212219857,1562.67330044495,1546.51492926357,21,16
2019-09-15,2019,0,,TEN,IND,1553.47379093182,1547.09912301326,0.6012954191334732,0.3987045808665268,1539.81897663855,1560.75393730653,1545.4738607244,1496.7864536597,Marcus Mariota,Jacoby Brissett,136.35795211437298,119.20287161029499,2.4849737787599846,-20.709778971783,0.676157019871767,0.323842980128233,101.3466234333465,125.1382292823465,132.85681924627033,119.79640737750013,1529.70025853092,1512.56005585318,17,19
2019-09-15,2019,0,,HOU,JAX,1509.57066983197,1435.17777134696,0.6904897727363537,0.3095102272636463,1513.60572962331,1431.14271155562,1520.14500043432,1461.72834082481,Deshaun Watson,Gardner Minshew,195.09754005891597,32.64624,7.1589399340799975,-121.34401403759247,0.804020444240166,0.195979555759834,24.074397478873497,189.182764021515,177.99522580091175,48.2998924021515,1522.58939054425,1459.28395071488,13,12
2019-09-15,2019,0,,DET,LAC,1488.69448229988,1599.72736029222,0.43413830208607945,0.5658616979139206,1504.71879316841,1583.70304942369,1463.10375582292,1592.8789915703,Matthew Stafford,Philip Rivers,159.964910227914,175.32198354033,4.646626528532992,1.5774081715094879,0.409145636606509,0.590854363393491,196.011820115991,139.315847238117,163.5696012167217,171.7213699101087,1479.97530673918,1576.00744065404,13,10
2019-09-15,2019,0,,CIN,SF,1425.50782652535,1457.75678181037,0.5469934314024829,0.4530065685975171,1389.76159956327,1493.50300877245,1411.82307030818,1508.87055997591,Andy Dalton,Jimmy Garoppolo,140.34812450267398,134.65041078782698,7.466848380568504,-3.0649421490930044,0.46643944126743,0.53356055873257,135.873275528628,277.10175291399145,139.9006396052694,148.89554500044343,1382.11029079329,1538.5833394908,17,41
2019-09-15,2019,0,,NYG,BUF,1427.71782881766,1455.39081751318,0.5535121585662888,0.44648784143371123,1397.22163097049,1485.88701536035,1410.99957430865,1470.35703912634,Eli Manning,Josh Allen,148.596824447016,154.106960277699,5.000245003363503,13.731207959897992,0.482772294867889,0.517227705132111,79.36589547432149,195.55128647300398,141.67373154974655,158.2513928972295,1384.9937059504,1496.36290748459,14,28
2019-09-15,2019,0,,MIA,NE,1387.16030057606,1661.35527196907,0.23072481027334826,0.7692751897266518,1371.21444164375,1677.30113090138,1346.71685104451,1656.06286456854,Ryan Fitzpatrick,Tom Brady,146.838363478224,228.90755494526698,5.145620647232999,11.738454271516458,0.186361076599538,0.813638923400462,-186.157717794246,256.122084113016,113.538755350977,231.62900786204185,1334.08267264421,1668.69704296884,0,43
2019-09-15,2019,0,,BAL,ARI,1598.55771020712,1385.56534920517,0.8320536957330441,0.1679463042669559,1604.36062171603,1379.76243769626,1565.71161299549,1384.07138615708,Lamar Jackson,Kyler Murray,152.86201678156198,109.19348054973601,6.192178336409992,3.568866454048506,0.805901795378283,0.194098204621717,402.7931758755795,184.6593107041155,177.85513269096373,116.74006356517395,1572.50222653316,1377.28077261941,23,17
2019-09-15,2019,0,,PIT,SEA,1551.69443581324,1568.43733721152,0.569004376445462,0.430995623554538,1538.91174286514,1581.22003015962,1536.34583409146,1546.99212376182,Ben Roethlisberger,Russell Wilson,236.69337838568396,170.62791499927798,4.491528425917478,-1.9317476785200185,0.584538184980031,0.415461815019969,28.714343069346032,322.44916866231296,215.89547485405015,185.8100403655815,1523.14635522265,1560.19160263063,26,28
2019-09-15,2019,0,,OAK,KC,1425.87140811396,1622.14872852822,0.3195820914825713,0.6804179085174287,1408.11137665204,1639.90875999014,1437.77982169857,1629.56839577519,Derek Carr,Patrick Mahomes,152.83850057143798,242.949377632665,4.49811325672499,17.19045641502754,0.306070276882028,0.693929723117972,31.10329429130553,418.66174541432997,140.66497994342473,260.52061441083146,1420.84998243148,1646.49823504228,10,28
2019-09-15,2019,0,,DEN,CHI,1428.73340426133,1554.22203086172,0.41381885704756305,0.586181142952437,1419.88418247957,1563.07125264348,1438.58681076143,1532.56028709753,Joe Flacco,Mitchell Trubisky,147.299165564529,153.79973369336398,2.258439055125,-4.904953887685517,0.459613156244263,0.540386843755737,227.70913292628597,93.6919757712015,155.3401623007047,147.7889579011477,1428.61555069239,1542.53154716657,14,16
2019-09-15,2019,0,,LAR,NO,1611.2527156438,1616.75446431035,0.5847975451665666,0.41520245483343343,1635.05963154983,1592.94754840432,1603.29449072716,1602.93438478568,Jared Goff,Drew Brees,145.308063951138,233.844838783182,-6.432358646818487,12.026870120776533,0.556321770167792,0.443678229832208,201.96887493954597,-12.856739559312,150.97414504997883,209.1746809489326,1628.96357989808,1577.26529561476,27,9
2019-09-15,2019,0,,ATL,PHI,1499.42372277767,1589.200033619,0.46440434137888753,0.5355956586211125,1516.86025143112,1571.76350496555,1500.09216121395,1590.60039522611,Matt Ryan,Carson Wentz,228.546720034677,200.712700727154,9.378417188299498,11.07251719963949,0.450447630817852,0.549552369182148,151.3408469354265,48.1747929140115,220.82613272475197,185.45890994583974,1518.06377214854,1572.62878429152,24,20
2019-09-16,2019,0,,NYJ,CLE,1377.99930635302,1421.31981397536,0.5311588680791258,0.4688411319208742,1345.33491936636,1453.98420096202,1443.90806466366,1466.0325390356,Trevor Siemian,Baker Mayfield,78.84259024653,153.70193539931998,-36.53982179958001,-1.8751677834780167,0.500308626458233,0.499691373541767,-38.707804407046495,83.441109548511,67.08755078117235,146.67585281423908,1413.44107796579,1496.49952573347,3,23
2019-09-19,2019,0,,JAX,TEN,1431.14271155562,1539.81897663855,0.43747382466748225,0.5625261753325177,1461.43487376262,1509.52681443155,1459.28395071488,1529.70025853092,Gardner Minshew,Marcus Mariota,48.2998924021515,132.85681924627033,-107.44998713463696,0.610158655770492,0.331979879081348,0.668020120918652,272.62760883385397,-2.2430313794449965,70.73266404532174,119.34683418369879,1496.60337885022,1492.38083039558,20,7
2019-09-22,2019,0,,DAL,MIA,1580.75267121279,1371.21444164375,0.8292567833682122,0.17074321663178782,1590.64425686682,1361.32285598972,1574.14366896187,1334.08267264421,Dak Prescott,Josh Rosen,235.08924990216929,51.45360845328,30.24353431051689,-73.84661134644915,0.910799119675537,0.0892008803244635,195.43227092299017,-9.956397621856949,231.12355200425134,45.3126078457663,1579.05509869879,1329.17124290729,31,6
2019-09-22,2019,0,,PHI,DET,1571.76350496555,1504.71879316841,0.6813777159089712,0.3186222840910288,1551.66540903822,1524.81688909574,1572.62878429152,1479.97530673918,Carson Wentz,Matthew Stafford,185.45890994583974,163.5696012167217,2.8919959490003917,6.216640696510202,0.698683879569326,0.301316120430674,192.37634589183614,132.52009560428033,186.15065354043935,160.46465065547756,1551.87915853491,1500.72493249579,24,27
2019-09-22,2019,0,,IND,ATL,1560.75393730653,1516.86025143112,0.6517731517758779,0.3482268482241221,1569.95348444793,1507.66070428972,1512.56005585318,1518.06377214854,Jacoby Brissett,Matt Ryan,119.79640737750016,220.82613272475191,-19.377522139591107,5.049202673921966,0.538457042351969,0.461542957648031,318.64234428393576,368.825583277305,139.68100106814373,235.62607778000725,1525.20287173608,1505.42095626564,27,24
2019-09-22,2019,0,,MIN,OAK,1541.12867786265,1408.11137665204,0.7576574620065255,0.2423425379934745,1554.66651219904,1394.57354231565,1546.51492926357,1420.84998243148,Kirk Cousins,Derek Carr,155.3179721221986,140.66497994342475,-9.552974150635396,-1.8135527201180337,0.737240045188021,0.262759954811979,173.6249491592385,181.4412414303654,157.1486698259026,144.74260609211882,1561.30929842077,1406.05561327428,34,14
2019-09-22,2019,0,,KC,BAL,1639.90875999014,1604.36062171603,0.6407916104033325,0.35920838959666745,1652.21846175305,1592.05091995311,1646.49823504228,1572.50222653316,Patrick Mahomes,Lamar Jackson,260.52061441083146,177.85513269096373,25.11655198335951,18.37912737429054,0.690694602553625,0.309305397446375,416.95263618453384,176.36442059236538,276.1638165882017,177.70606148110392,1656.9210685998,1562.07939297564,33,28
2019-09-22,2019,0,,GB,DEN,1507.99464875202,1419.88418247957,0.7071070102530641,0.2928929897469359,1521.60374910091,1406.27508213068,1562.67330044495,1428.61555069239,Aaron Rodgers,Joe Flacco,181.8481767470016,155.3401623007047,-1.937252987104719,6.166015470456613,0.743268443257963,0.256731556742037,189.95366799826624,-21.5716752534294,182.6587258721281,137.64897854529127,1574.44432713439,1416.84452400295,27,16
2019-09-22,2019,0,,NE,NYJ,1677.30113090138,1345.33491936636,0.9076372640184991,0.09236273598150091,1681.73479150744,1340.9012587603,1668.69704296884,1413.44107796579,Tom Brady,Luke Falk,231.6290078620419,23.124419999999997,12.512258016328296,-84.55348122345234,0.912827572103631,0.0871724278963693,261.06534508671047,-99.66354088890868,234.57264158450874,10.84562391110913,1672.86384502737,1409.27427590726,30,14
2019-09-22,2019,0,,BUF,CIN,1485.88701536035,1389.76159956327,0.7165703433881626,0.2834296566118374,1494.38768499845,1381.26092992517,1496.36290748459,1382.11029079329,Josh Allen,Andy Dalton,158.2513928972295,139.9006396052694,15.116863871668363,6.869763512837942,0.737073519783089,0.262926480216911,185.00295628391675,122.22389171623058,160.92654923589822,138.1329648163655,1504.18916083657,1374.28403744131,21,17
2019-09-22,2019,0,,TB,NYG,1439.76273979713,1397.22163097049,0.6500039077038455,0.34999609229615447,1430.28865711543,1406.69571365219,1443.1960686367,1384.9937059504,Jameis Winston,Daniel Jones,142.45793435316796,110.63447999999998,-11.503796471741298,-29.75056524518595,0.685659657878645,0.314340342121355,199.9300131649788,321.671843167978,148.20514223434904,131.73821631679778,1433.06702705603,1395.12274753107,31,32
2019-09-22,2019,0,,ARI,CAR,1379.76243769626,1476.02669457636,0.4551281678954752,0.5448718321045247,1353.336041534,1502.45309073862,1377.28077261941,1471.21207693023,Kyler Murray,Kyle Allen,116.74006356517393,29.651612062280996,7.163714639065031,-134.1671787597065,0.652640409319558,0.347359590680442,47.084483608318855,284.27980809742536,109.77450556948843,55.11443166579543,1336.83333209642,1511.65951745322,20,38
2019-09-22,2019,0,,SF,PIT,1493.50300877245,1538.91174286514,0.5281642537223823,0.4718357462776177,1508.55676006768,1523.85799156991,1538.5833394908,1523.14635522265,Jimmy Garoppolo,Mason Rudolph,148.89554500044343,78.89508,4.210872064669709,-143.1323946152456,0.786794027551227,0.213205972448773,121.49300124482234,80.2059027678216,146.15529062488133,79.02616227678216,1544.80473581289,1516.92495890056,24,20
2019-09-22,2019,0,,SEA,NO,1581.22003015962,1592.94754840432,0.5760700542310849,0.4239299457689151,1558.24406118126,1615.92351738268,1560.19160263063,1577.26529561476,Russell Wilson,Teddy Bridgewater,185.8100403655815,118.09590360842999,5.755902388557751,-91.98832964288945,0.696216802769366,0.303783197230634,542.9567222081937,237.1249169315037,221.52470854984273,129.99880494073736,1531.19733639754,1606.25956184785,27,33
2019-09-22,2019,0,,LAC,HOU,1583.70304942369,1513.60572962331,0.6851804650994758,0.31481953490052417,1553.34283903757,1543.96594000943,1576.00744065404,1522.58939054425,Philip Rivers,Deshaun Watson,171.7213699101087,177.99522580091175,-0.30176905217678607,-1.7501641916259387,0.659790401864874,0.340209598135126,192.55991683606425,363.71752012581806,173.80522460270427,196.56745523340237,1547.05317130699,1551.5436598913,20,27
2019-09-22,2019,0,,CLE,LAR,1453.98420096202,1635.05963154983,0.33890361733235375,0.6610963826676463,1440.59597920863,1648.44785330322,1496.49952573347,1628.96357989808,Baker Mayfield,Jared Goff,146.67585281423908,150.9741450499788,-5.294450686844555,-3.277700165057345,0.390259515261405,0.609740484738595,9.8623884342786,139.08387682893064,132.99450637624304,149.78511822787397,1480.82150120391,1644.64160442764,13,20
2019-09-23,2019,0,,WSH,CHI,1414.22795853294,1563.07125264348,0.3816287334631154,0.6183712665368846,1393.39712158012,1583.9020895963,1398.83528542337,1542.53154716657,Case Keenum,Mitchell Trubisky,168.20359185670918,147.78895790114774,17.006670574046016,-7.665094089409338,0.412243318411504,0.587756681588496,129.8299672955967,199.45547296687647,164.36622940059792,152.95560940772063,1376.11224666963,1565.25458592031,15,31
2019-09-26,2019,0,,GB,PHI,1521.60374910091,1551.66540903822,0.5501115103543194,0.4498884896456806,1498.35605647044,1574.91310166869,1574.44432713439,1551.87915853491,Aaron Rodgers,Carson Wentz,182.65872587212797,186.15065354043938,-1.4351157751864079,3.0932679488502037,0.607614128197612,0.392385871802388,363.1303818396903,236.2131995248671,200.70589146888423,191.15690813888216,1548.2705891434,1578.0528965259,27,34
2019-09-29,2019,0,,BAL,CLE,1592.05091995311,1440.59597920863,0.7766092416318191,0.2233907583681809,1544.28714838912,1488.35975077262,1562.07939297564,1480.82150120391,Lamar Jackson,Baker Mayfield,177.70606148110397,132.99450637624304,17.385635400646265,-11.870401371500417,0.723097910790517,0.276902089209483,223.83597400310916,214.90129539093303,182.3190527333045,141.18518527771204,1518.69394339849,1524.20695078106,25,40
2019-09-29,2019,0,,DET,KC,1524.81688909574,1652.21846175305,0.4111502526180228,0.5888497473819772,1511.94750474781,1665.08784610098,1500.72493249579,1656.9210685998,Matthew Stafford,Patrick Mahomes,160.46465065547764,276.1638165882017,4.353333381062832,31.682325472876638,0.326272891246357,0.673727108753643,243.74249057837218,284.03381961286925,168.7924346477671,276.9508168906684,1490.79136087831,1666.85464021728,30,34
2019-09-29,2019,0,,HOU,CAR,1543.96594000943,1502.45309073862,0.6486561180316924,0.35134388196830757,1517.43701337764,1528.98201737041,1551.5436598913,1511.65951745322,Deshaun Watson,Kyle Allen,196.5674552334022,55.114431665795365,7.6234587342005335,-114.72741001996394,0.78107459342247,0.21892540657753,35.78655044352795,103.36821200988611,180.4893647544148,59.93980970020444,1517.75172356317,1545.45145378135,10,16
2019-09-29,2019,0,,ATL,TEN,1507.66070428972,1509.52681443155,0.5898699741381169,0.4101300258618831,1474.76884936333,1542.41866935794,1505.42095626564,1492.38083039558,Matt Ryan,Marcus Mariota,235.62607778000705,119.34683418369887,12.196715067853468,-6.1753418083037905,0.623013026997639,0.376986973002361,211.11251940778627,305.6465180853638,233.174721942785,137.97680257386534,1470.28415928399,1527.51762737723,10,24
2019-09-29,2019,0,,BUF,NE,1494.38768499845,1681.73479150744,0.33086252864591703,0.669137471354083,1482.18948042011,1693.93299608578,1504.18916083657,1672.86384502737,Josh Allen,Tom Brady,160.92654923589816,234.5726415845086,15.69859884741918,13.358461976744975,0.347060255452627,0.652939744547373,-36.304072828838095,6.848988146044109,141.20348702942454,211.80027624066216,1491.32420337057,1685.72880249337,10,16
2019-09-29,2019,0,,MIA,LAC,1361.32285598972,1553.34283903757,0.32493456601386533,0.6750654339861346,1342.61742771406,1572.04826731323,1329.17124290729,1547.05317130699,Josh Rosen,Philip Rivers,45.31260784576647,173.8052246027044,-73.22478108288354,0.7552467467298576,0.212247971258038,0.787752028741962,-0.6720648648492735,289.5769483924657,40.71414057470489,185.38239698168053,1317.46010200829,1558.76431220599,10,30
2019-09-29,2019,0,,IND,OAK,1569.95348444793,1394.57354231565,0.7995906971312478,0.20040930286875225,1532.62028170166,1431.90674506192,1525.20287173608,1406.05561327428,Jacoby Brissett,Derek Carr,139.68100106814381,144.74260609211896,-8.46634918728983,0.315937990235021,0.730367740444927,0.269632259555073,191.63999271690173,181.39059512906408,144.8769002330196,148.40740499581347,1492.23352490032,1439.02496011004,24,31
2019-09-29,2019,0,,NYG,WSH,1406.69571365219,1393.39712158012,0.6108111026305229,0.38918889736947715,1429.92882891046,1370.16400632185,1395.12274753107,1376.11224666963,Daniel Jones,Case Keenum,131.73821631679797,164.36622940059792,-17.711168824527405,14.237655817288177,0.561361239233018,0.438638760766982,173.9389903341575,-71.46019647764514,135.95829371853392,140.78358681277362,1421.72164382306,1349.51335037764,24,3
2019-09-29,2019,0,,LAR,TB,1648.44785330322,1430.28865711543,0.8361690031716856,0.16383099682831437,1595.23137298171,1483.50513743694,1644.64160442764,1433.06702705603,Jared Goff,Jameis Winston,149.7851182278739,148.20514223434918,-3.7083285678568747,-8.05500270756358,0.829112079944814,0.170887920055186,262.9845420252042,366.72556002819,161.10506060760696,170.05718401373326,1592.11534885587,1485.5932826278,40,55
2019-09-29,2019,0,,ARI,SEA,1353.336041534,1558.24406118126,0.30887686558674077,0.6911231344132592,1336.54827282498,1575.03182989028,1336.83333209642,1531.19733639754,Kyler Murray,Russell Wilson,109.77450556948854,221.52470854984273,3.3227499092690174,23.32544136126041,0.290710706422785,0.709289293577215,127.55496210055368,141.00210870817895,111.55255122259504,213.47244856567633,1321.13380219182,1546.89686630214,10,27
2019-09-29,2019,0,,CHI,MIN,1583.9020895963,1554.66651219904,0.6323853250790231,0.3676146749209769,1600.80796708992,1537.76063470542,1565.25458592031,1561.30929842077,Mitchell Trubisky,Kirk Cousins,152.9556094077208,157.1486698259026,-4.6985136316522595,-8.15997659125175,0.590838700924309,0.409161299075691,27.465470374472158,94.26475994644169,140.4065955043959,150.86027883795649,1584.32383858469,1542.24004575639,16,6
2019-09-29,2019,0,,DEN,JAX,1406.27508213068,1461.43487376262,0.51415741289543,0.48584258710456996,1394.92713172629,1472.78282416701,1416.84452400295,1496.60337885022,Joe Flacco,Gardner Minshew,137.64897854529127,70.73266404532185,-2.987877180772781,-90.86110195631997,0.598005333826054,0.401994666173946,259.19541120515225,80.43227561397798,149.8036218112774,71.70262520218746,1403.27959593322,1510.16830691995,24,26
2019-09-29,2019,0,,NO,DAL,1615.92351738268,1590.64425686682,0.6270750876971939,0.3729249123028061,1623.79452050997,1582.77325373953,1606.25956184785,1579.05509869879,Teddy Bridgewater,Dak Prescott,129.99880494073736,231.1235520042514,-81.43746249459116,26.748508646032146,0.465296162832037,0.534703837167963,10.967713274861012,140.23517711340884,118.0956957741497,222.03471451516714,1618.13862475797,1567.17603578867,12,10
2019-09-30,2019,0,,PIT,CIN,1523.85799156991,1381.26092992517,0.7676385317725818,0.2323614682274182,1537.52700615854,1367.59191533654,1516.92495890056,1374.28403744131,Mason Rudolph,Andy Dalton,79.02616227678216,138.13296481636542,-135.91023374609242,5.642437942744031,0.581463385450577,0.418536614549423,279.6690994853458,-162.14535780179384,99.09045599763851,108.10513255454951,1543.18748885929,1348.02150748258,27,3
2019-10-03,2019,0,,SEA,LAR,1575.03182989028,1595.23137298171,0.5641180677759954,0.4358819322240046,1580.95384161463,1589.30936125736,1546.89686630214,1592.11534885587,Russell Wilson,Jared Goff,213.4724485656764,161.10506060760704,18.133039301114092,2.137059050402437,0.546873272033645,0.453126727966355,388.2855730424055,242.58350501115092,230.95376101334926,169.2529050479614,1553.08662760824,1585.92558754977,30,29
2019-10-06,2019,0,,NYG,MIN,1429.92882891046,1537.76063470542,0.4386704560532147,0.5613295439467854,1404.58939462703,1563.10006898885,1421.72164382306,1542.24004575639,Daniel Jones,Kirk Cousins,135.95829371853398,150.8602788379566,-14.715571682432937,-10.896173255662195,0.407125441381387,0.592874558618613,24.078487871373536,260.09910436186215,124.77031313381794,161.78416139034715,1398.43757172315,1565.5241178563,10,28
2019-10-06,2019,0,,CAR,JAX,1528.98201737041,1472.78282416701,0.6676728957356927,0.33232710426430734,1542.08145781245,1459.68338372497,1545.45145378135,1510.16830691995,Kyle Allen,Gardner Minshew,59.93980970020428,71.70262520218743,-106.57835050176139,-85.83306628007132,0.601998531562359,0.398001468437641,73.28193166051956,336.90351393697676,61.27402189623581,98.22271407566636,1561.48013736584,1494.13962333546,34,27
2019-10-06,2019,0,,TEN,BUF,1542.41866935794,1482.18948042011,0.672800144237976,0.32719985576202404,1512.74882017963,1511.85932959842,1527.51762737723,1491.32420337057,Marcus Mariota,Josh Allen,137.9768025738653,141.2034870294246,3.448409477194447,5.052137801811541,0.629505898546164,0.370494101453836,37.492829754367015,140.13318445302198,127.92840529191547,141.09645677178435,1500.19348140712,1518.64834934068,7,14
2019-10-06,2019,0,,CIN,ARI,1367.59191533654,1336.54827282498,0.6348015784937676,0.3651984215062324,1349.18803485451,1354.95215330701,1348.02150748258,1321.13380219182,Andy Dalton,Kyler Murray,108.10513255454947,111.55255122259511,-9.65360008530125,4.0456352403587985,0.605650752955638,0.394349247044362,257.3382942883949,327.6919355267035,123.028448727934,133.16648965300595,1330.64042810448,1338.51488156992,23,26
2019-10-06,2019,1,,OAK,CHI,1431.90674506192,1600.80796708992,0.2744275595059409,0.7255724404940591,1453.69677700177,1579.01793515007,1439.02496011004,1584.32383858469,Derek Carr,Chase Daniel,148.40740499581358,31.419357093068996,2.132540542570681,-119.72533331305898,0.466316775987269,0.533683224012731,262.7678129647448,50.684284096681615,159.8434457927067,33.345849793430254,1453.98115932555,1569.36763936918,24,21
2019-10-06,2019,0,,PIT,BAL,1537.52700615854,1544.28714838912,0.5830375859960025,0.4169624140039975,1520.92219832717,1560.89195622049,1543.18748885929,1518.69394339849,Mason Rudolph,Lamar Jackson,99.09045599763847,182.31905273330463,-119.0825751983597,18.82284925671448,0.417827149599638,0.582172850400362,115.35252163701122,-5.571798896079207,100.71666256157576,163.52996757036624,1531.89853914886,1529.98289310892,23,26
2019-10-06,2019,0,,PHI,NYJ,1574.91310166869,1340.9012587603,0.8482898424233134,0.1517101575766866,1583.61598116315,1332.19837926584,1578.0528965259,1409.27427590726,Carson Wentz,Luke Falk,191.1569081388823,10.84562391110913,5.441731850629151,-86.46520520672529,0.860469687448804,0.139530312551196,113.338368848,-314.06984623666835,183.37505420979406,-21.64592310366862,1586.00294778,1401.32422465316,31,6
2019-10-06,2019,0,,WSH,NE,1370.16400632185,1693.93299608578,0.18398266672621238,0.8160173332737877,1359.31281136943,1704.7841910382,1349.51335037764,1685.72880249337,Colt McCoy,Tom Brady,108.26129846631,211.80027624066201,-30.787836613951892,1.3043562059843707,0.142451158822782,0.857548841177218,126.18742182822896,309.4183318330747,110.05391080250189,221.56208179990324,1341.28916500476,1693.95298786625,7,33
2019-10-06,2019,0,,HOU,ATL,1517.43701337764,1474.76884936333,0.6501702794591802,0.34982972054081984,1538.05475015541,1454.15111258556,1517.75172356317,1470.28415928399,Deshaun Watson,Matt Ryan,180.48936475441477,233.17472194278503,-0.7967594420032476,10.361201395849909,0.632248249705875,0.367751750294125,628.5804831967221,328.50609242501685,225.29847659864546,242.70785899100824,1539.55359495,1448.48228789716,53,32
2019-10-06,2019,0,,NO,TB,1623.79452050997,1483.50513743694,0.7652606388504105,0.2347393611495895,1632.72383206349,1474.57582588342,1618.13862475797,1485.5932826278,Teddy Bridgewater,Jameis Winston,118.09569577414983,170.05718401373326,-83.3171439531552,3.273768317506831,0.643859748869493,0.356140251130507,354.7416059395692,26.599709273363487,141.76028679069177,155.71143653969628,1632.28846027947,1471.4434471063,31,24
2019-10-06,2019,0,,LAC,DEN,1572.04826731323,1394.92713172629,0.8011920334328384,0.1988079665671616,1534.60702965115,1432.36836938837,1558.76431220599,1403.27959593322,Philip Rivers,Joe Flacco,185.38239698168056,149.8036218112774,6.506070598881472,3.23883831125879,0.777215799034837,0.222784200965163,87.26695284890417,56.74782939401828,175.57085256840293,140.4980425695515,1522.90251316938,1439.14139496983,13,20
2019-10-06,2019,0,,DAL,GB,1582.77325373953,1498.35605647044,0.7026845819022682,0.29731541809773177,1546.61845055939,1534.51085965058,1567.17603578867,1548.2705891434,Dak Prescott,Aaron Rodgers,222.03471451516705,200.70589146888423,20.866664469188336,7.66022281195083,0.627909271152223,0.372090728847777,222.0588305642487,109.05561862674301,222.03712612007524,191.54086418467008,1535.76498601956,1579.68163891251,24,34
2019-10-06,2019,0,,KC,IND,1665.08784610098,1532.62028170166,0.7570759389155217,0.24292406108447828,1632.71839430792,1564.98973349472,1666.85464021728,1492.23352490032,Patrick Mahomes,Jacoby Brissett,276.95081689066836,144.87690023301957,30.491709350466223,-5.445082145487619,0.823315272579743,0.176684727420257,136.97735638823576,114.0416570650787,262.9534708404251,141.79337591622547,1630.38027724443,1528.70788787317,13,19
2019-10-07,2019,0,,SF,CLE,1508.55676006768,1488.35975077262,0.6202085270941381,0.3797914729058619,1533.18058482426,1463.73592601604,1544.80473581289,1524.20695078106,Jimmy Garoppolo,Baker Mayfield,146.15529062488133,141.18518527771218,2.630201273655131,-7.181541852190873,0.632157071499735,0.367842928500265,154.53046631857856,-190.80810135494445,146.99280819425107,107.98585661444649,1568.56168313591,1500.45000345804,31,3
2019-10-10,2019,0,,NE,NYG,1704.7841910382,1404.58939462703,0.891119756994916,0.10888024300508403,1710.55698925726,1398.81659640797,1693.95298786625,1398.43757172315,Tom Brady,Daniel Jones,221.56208179990332,124.77031313381777,6.120041175305982,-19.57378339066953,0.897482598852858,0.102517401147142,256.96044015939395,-4.23565824755733,225.1019176358524,111.86971599568025,1699.36375846905,1393.02680112035,35,14
2019-10-13,2019,1,,TB,CAR,1474.57582588342,1542.08145781245,0.4040558955602119,0.5959441044397882,1455.09282598453,1561.56445771134,1471.4434471063,1561.48013736584,Jameis Winston,Kyle Allen,155.7114365396964,61.274021896235936,-4.062793835386775,-100.58232687865758,0.50534382488505,0.49465617511495,-139.99537074424737,147.2208166582154,126.14075581130201,69.86870137243388,1446.28633944923,1586.63724502291,26,37
2019-10-13,2019,0,,JAX,NO,1459.68338372497,1632.72383206349,0.34934244528893527,0.6506575547110647,1445.83473713159,1646.57247865687,1494.13962333546,1632.28846027947,Gardner Minshew,Teddy Bridgewater,98.2227140756664,141.7602867906918,-68.28136852932812,-67.3189912472263,0.384015311406535,0.615984688593465,-56.2739851746798,143.17412609311845,82.77304415063176,141.90167072093445,1478.74335608544,1647.68472752949,6,13
2019-10-13,2019,0,,BAL,CIN,1560.89195622049,1349.18803485451,0.831014707855256,0.168985292144744,1566.73380451584,1343.34618655916,1529.98289310892,1330.64042810448,Lamar Jackson,Andy Dalton,163.5299675703662,123.02844872793386,8.487164212409526,-1.7092619943441945,0.8223796510173,0.1776203489827,397.0736297659923,88.43118657078551,186.8843337899288,119.56872251221903,1536.14932978075,1324.47399143265,23,17
2019-10-13,2019,0,,MIN,PHI,1563.10006898885,1583.61598116315,0.5636702109423039,0.43632978905769615,1588.2857424397,1558.4303077123,1565.5241178563,1586.00294778,Kirk Cousins,Carson Wentz,161.78416139034732,183.37505420979392,-4.8894233166837155,1.278718293553468,0.546341747472087,0.453658252527913,339.8199370907913,274.6308544934298,179.58773896039173,192.5006342381575,1591.85301173136,1559.67405390494,38,20
2019-10-13,2019,0,,CLE,SEA,1463.73592601604,1580.95384161463,0.42541314054403734,0.5745868594559627,1450.35989103635,1594.32987659432,1500.45000345804,1553.08662760824,Baker Mayfield,Russell Wilson,107.98585661444656,230.95376101334924,-23.422129091214163,25.967043559894822,0.444199678769653,0.555800321230347,159.4706207762184,312.7602340182748,113.13433303062376,239.1344083138418,1486.40042086458,1567.1362102017,28,32
2019-10-13,2019,0,,MIA,WSH,1342.61742771406,1359.31281136943,0.5690714562468242,0.4309285437531758,1334.55131749653,1367.37892158696,1317.46010200829,1341.28916500476,Josh Rosen,Case Keenum,40.714140574704956,140.78358681277373,-71.86277566427025,2.3775373951134497,0.443538423556475,0.556461576443525,-144.65629374295406,125.24439198846729,22.177097142939054,139.2296673303431,1311.41953916206,1347.32972785099,16,17
2019-10-13,2019,0,,KC,HOU,1632.71839430792,1538.05475015541,0.714858244098631,0.28514175590136903,1600.66178722108,1570.11135724225,1630.38027724443,1539.55359495,Patrick Mahomes,Deshaun Watson,262.95347084042515,225.29847659864524,21.968450857821235,21.647634452212237,0.701877927823245,0.298122072176755,168.82707881939095,347.5558652274489,253.54083163832175,237.5242154615256,1599.07325625915,1570.86061593528,24,31
2019-10-13,2019,0,,LAR,SF,1589.30936125736,1533.18058482426,0.6675829478785129,0.3324170521214871,1552.02049762929,1570.46944845233,1585.92558754977,1568.56168313591,Jared Goff,Jimmy Garoppolo,169.25290504796155,146.992808194251,6.104128318059741,2.917449994657113,0.616575538794213,0.383424461205787,-51.94140527157219,158.95758540591004,147.1334740160082,148.18928591541692,1552.11373187659,1602.37353880909,7,20
2019-10-13,2019,0,,ARI,ATL,1354.95215330701,1454.15111258556,0.4509420791938188,0.5490579208061812,1362.68390219579,1446.41936369678,1338.51488156992,1448.48228789716,Kyler Murray,Matt Ryan,133.16648965300593,242.70785899100827,14.650322693546116,14.609709850168956,0.430612493693355,0.569387506306645,377.3377500525105,417.6876705896004,157.58361569295639,260.2058401508675,1346.58631144906,1440.41085801802,34,33
2019-10-13,2019,0,,DEN,TEN,1432.36836938837,1512.74882017963,0.4778801995543884,0.5221198004456116,1462.16219715101,1482.95499241699,1439.14139496983,1500.19348140712,Joe Flacco,Marcus Mariota,140.49804256955147,127.92840529191557,-1.5758932251671516,-1.7482096376401906,0.49743068561887,0.50256931438113,52.242816245995975,-189.71010377791592,131.67251993719591,96.16455438493242,1467.6422459208,1471.69263045615,16,0
2019-10-13,2019,0,,NYJ,DAL,1332.19837926584,1546.61845055939,0.29731196170918905,0.702688038290811,1348.76305686704,1530.05377295819,1401.32422465316,1535.76498601956,Sam Darnold,Dak Prescott,115.14224694660598,222.0371261200752,38.40045159649676,19.82453704818312,0.421054932693193,0.578945067306807,234.5791287110307,251.51774142122494,127.08593512304843,224.98518765019017,1414.37306362346,1522.71614704926,24,22
2019-10-13,2019,0,,LAC,PIT,1534.60702965115,1520.92219832717,0.6113395141842494,0.38866048581575063,1508.23906169051,1547.29016628781,1522.90251316938,1531.89853914886,Philip Rivers,Devlin Hodges,175.57085256840293,28.11204,1.2749948622985185,-184.91996571804887,0.799831074740201,0.200168925259799,174.8530820643496,122.18672893994226,175.49907551799757,37.51950889399422,1485.55311820482,1569.24793411342,17,24
2019-10-14,2019,0,,GB,DET,1534.51085965058,1511.94750474781,0.6234118414065575,0.3765881585934425,1539.5316451389,1506.92671925949,1579.68163891251,1490.79136087831,Aaron Rodgers,Matthew Stafford,191.54086418467008,168.79243464776712,2.6946980292460663,8.299558708154322,0.690568863987742,0.309431136012258,203.79841964785084,98.39218005166141,192.7666197309882,161.75240918815658,1583.71555673247,1486.75744305835,23,22
2019-10-17,2019,0,,DEN,KC,1462.16219715101,1600.66178722108,0.39577574756040773,0.6042242524395922,1437.50684571658,1625.31713865551,1467.6422459208,1599.07325625915,Joe Flacco,Patrick Mahomes,131.67251993719594,253.5408316383218,-5.909859880086682,16.16370871387834,0.364929806856403,0.635070193143597,-65.19563701829772,159.31169242660485,111.98570424164657,244.1179177171501,1445.13366986595,1621.581832314,6,30
2019-10-20,2019,0,,ATL,LAR,1446.41936369678,1552.02049762929,0.44183480122716173,0.5581651987728382,1417.50725998291,1580.93260134316,1440.41085801802,1552.11373187659,Matt Ryan,Jared Goff,260.2058401508676,147.13347401600825,22.62821493759023,-5.260793613819793,0.461298217951908,0.538701782048092,-45.37400284876041,244.58715356550948,229.64785585090476,156.87884197095838,1410.04005412836,1582.48453576625,10,37
2019-10-20,2019,0,,BUF,MIA,1511.85932959842,1334.55131749653,0.8013633266223047,0.1986366733776953,1520.4404083405,1325.97023875445,1518.64834934068,1311.41953916206,Josh Allen,Ryan Fitzpatrick,141.09645677178446,113.538755350977,4.746015782901027,13.823499611098324,0.830516149307347,0.169483850692653,170.7584634046688,281.76447928227356,144.0626574350729,130.36132774410666,1525.87014427258,1304.19774423016,31,21
2019-10-20,2019,0,,IND,HOU,1564.98973349472,1570.11135724225,0.5853287557775594,0.4146712442224406,1581.77847898618,1553.32261175079,1528.70788787317,1570.86061593528,Jacoby Brissett,Deshaun Watson,141.79337591622553,237.5242154615256,-6.714590196610225,26.67812216104169,0.475471274391075,0.524528725608925,342.8420158940469,140.9847795844488,161.8982399140077,227.87027187381796,1550.69288797814,1548.87561583031,30,23
2019-10-20,2019,0,,NYG,ARI,1398.81659640797,1362.68390219579,0.6415657850598714,0.3584342149401286,1372.64491216874,1388.85558643502,1393.02680112035,1346.58631144906,Daniel Jones,Kyler Murray,111.86971599568017,157.5836156929564,-25.04539279020503,26.12636957884405,0.583896193637442,0.416103806362558,-42.130421924254954,38.48870916704913,96.46970220368665,145.6741250403657,1369.67799187055,1369.93512069886,21,27
2019-10-20,2019,0,,GB,OAK,1539.5316451389,1453.69677700177,0.7043866965351835,0.2956133034648165,1555.82299558307,1437.4054265576,1583.71555673247,1453.98115932555,Aaron Rodgers,Derek Carr,192.76661973098837,159.8434457927066,3.1728409009430187,7.743933913888598,0.746326285277664,0.253673714722336,556.976360907473,290.77886206470316,229.18759384863685,172.93698741990627,1597.4811318792,1440.21558417882,42,24
2019-10-20,2019,0,,WSH,SF,1367.37892158696,1570.46944845233,0.31111473384608784,0.6888852661539122,1353.89775044928,1583.95061959001,1347.32972785099,1602.37353880909,Case Keenum,Jimmy Garoppolo,139.22966733034326,148.1892859154169,1.4817007841427112,3.369816355507137,0.248600511770782,0.751399488229218,26.19195600763137,4.442811959818683,127.92589619807208,133.81463851985706,1336.80084194513,1612.90242471495,0,9
2019-10-20,2019,0,,DET,MIN,1506.92671925949,1588.2857424397,0.4764748557113154,0.5235251442886846,1482.66445401377,1612.54800768542,1486.75744305835,1591.85301173136,Matthew Stafford,Kirk Cousins,161.75240918815672,179.5877389603915,4.36456804294138,4.25683663417253,0.431613581431028,0.568386418568972,355.90560278438215,391.57478968108376,181.16772854777923,200.78644403246074,1465.08713170341,1613.5233230863,30,42
2019-10-20,2019,0,,CIN,JAX,1343.34618655916,1445.83473713159,0.44625804199252067,0.5537419580074794,1322.30316394391,1466.87775974684,1324.47399143265,1478.74335608544,Andy Dalton,Gardner Minshew,119.5687225122192,82.77304415063178,-3.3536620024841977,-72.59213506537905,0.460481578334944,0.539518421665056,93.4117108040876,120.4462392933185,116.95302134140603,86.54036366490045,1302.66307050212,1500.55427701597,17,27
2019-10-20,2019,0,,TEN,LAC,1482.95499241699,1508.23906169051,0.5569081586211398,0.44309184137886015,1495.0222601273,1496.1717939802,1471.69263045615,1485.55311820482,Ryan Tannehill,Philip Rivers,108.60302175524998,175.49907551799743,-5.1042572389320675,1.175356593980905,0.551050035263576,0.448949964736424,250.35368350857016,296.10696644932125,122.77808793058202,187.55986461112983,1483.94196541924,1473.30378324173,23,20
2019-10-20,2019,0,,CHI,NO,1579.01793515007,1646.57247865687,0.49632378262164695,0.5036762173783531,1554.38017807527,1671.21023573167,1569.36763936918,1647.68472752949,Mitchell Trubisky,Teddy Bridgewater,140.406595504396,141.90167072093462,-5.71507458625983,-63.88234971974363,0.544062151796621,0.455937848203379,201.5960050996792,266.4257133321326,146.5255364639243,154.3540749820544,1541.94614728372,1675.10621961495,25,36
2019-10-20,2019,0,,SEA,BAL,1594.32987659432,1566.73380451584,0.6301885637331487,0.3698114362668513,1558.69853950601,1602.36514160415,1567.1362102017,1536.14932978075,Russell Wilson,Lamar Jackson,239.1344083138418,186.88433378992906,28.75901503214653,19.739989111570537,0.645785798167943,0.354214201832057,122.5859182578713,254.09338075303248,227.47955930824472,193.60523848623941,1530.41856885288,1572.86697112957,16,30
2019-10-20,2019,0,,DAL,PHI,1530.05377295819,1558.4303077123,0.5525110560087684,0.4474889439912316,1559.38793976186,1529.09614090863,1522.71614704926,1559.67405390494,Dak Prescott,Carson Wentz,224.9851876501901,192.50063423815752,20.307340960831333,5.777572393057749,0.554223857280332,0.445776142719668,207.29523125187558,53.52646329110421,223.21619201035864,178.60321714345218,1551.92231427017,1530.46788668403,37,10
2019-10-21,2019,0,,NYJ,NE,1348.76305686704,1710.55698925726,0.15336055377353527,0.8466394462264647,1339.23267383576,1720.08737228854,1414.37306362346,1699.36375846905,Sam Darnold,Tom Brady,127.08593512304843,225.1019176358525,42.45227310489297,7.5839570345153895,0.246143377012739,0.753856622987261,-203.37758431955447,182.47814536578858,94.03958317878816,220.83954040884612,1398.42295886066,1715.31386323185,0,33
2019-10-24,2019,0,,MIN,WSH,1612.54800768542,1353.89775044928,0.8656556182848676,0.1343443817151324,1618.16460424209,1348.28115389261,1613.5233230863,1336.80084194513,Kirk Cousins,Case Keenum,200.78644403246054,127.92589619807217,14.643347338498225,-4.244269821199965,0.884924281628234,0.115075718371766,190.30696237745278,53.28661366078907,199.73849586695974,120.46196794434388,1618.27648877442,1332.04767625701,19,9
2019-10-27,2019,0,,JAX,NYJ,1466.87775974684,1339.23267383576,0.75193410134021,0.24806589865979,1479.23149163593,1326.87894194667,1500.55427701597,1398.42295886066,Gardner Minshew,Sam Darnold,86.54036366490041,94.03958317878828,-67.07886855497586,23.806483477518384,0.598853023850847,0.401146976149153,265.72052911312426,-89.49258372049181,104.45838020972279,75.68636648886024,1521.61446810287,1377.36276777376,29,15
2019-10-27,2019,0,,BUF,PHI,1520.4404083405,1529.09614090863,0.5803824729098152,0.41961752709018485,1485.36405116043,1564.1724980887,1525.87014427258,1530.46788668403,Josh Allen,Carson Wentz,144.06265743507296,178.60321714345207,5.99181532540042,-1.4600147739477292,0.584028334094204,0.415971665905796,77.7667607049069,187.122546333785,137.43306776205637,179.4551500624854,1490.53051813795,1565.80751281866,13,31
2019-10-27,2019,0,,TEN,TB,1495.0222601273,1455.09282598453,0.6465760226468399,0.3534239773531601,1505.88064622587,1444.23443988596,1483.94196541924,1446.28633944923,Ryan Tannehill,Jameis Winston,122.77808793058213,126.14075581130199,2.238488710680745,-18.644994507814612,0.661019206408926,0.338980793591074,125.63606684092959,127.81790914248013,123.06388582161688,126.30847114441981,1494.30675564411,1435.92154922436,27,23
2019-10-27,2019,0,,DET,NYG,1482.66445401377,1372.64491216874,0.7325293308830785,0.2674706691169215,1491.54299004694,1363.76637613557,1465.08713170341,1369.67799187055,Matthew Stafford,Daniel Jones,181.1677285477795,96.46970220368678,13.85399932060584,-31.493130046691277,0.757278726102031,0.242721273897969,236.18056472432167,320.4823412126539,186.66901216543368,118.8709661045835,1473.06804845525,1361.69707511871,31,26
2019-10-27,2019,0,,CHI,LAC,1554.38017807527,1496.1717939802,0.6702341941131316,0.32976580588686843,1544.53753363763,1506.01443841784,1541.94614728372,1473.30378324173,Mitchell Trubisky,Philip Rivers,146.5255364639243,187.55986461112988,-2.3698503771828663,7.146983310848042,0.667474116614673,0.332525883385327,45.41229034876677,141.53071868115114,136.41421185240856,182.956950018132,1532.15424246795,1483.0956880575,16,17
2019-10-27,2019,0,,NO,ARI,1671.21023573167,1388.85558643502,0.8807481521184674,0.11925184788153265,1677.66877619932,1382.39704596737,1675.10621961495,1369.93512069886,Drew Brees,Kyler Murray,209.1746809489326,145.67412504036577,0.3585758636816472,18.865305773606476,0.880512953808046,0.119487046191954,386.3023901875842,39.352495860320275,226.88745187279773,135.0419621223612,1681.57848569671,1363.4628546171,31,9
2019-10-27,2019,0,,IND,DEN,1581.77847898618,1437.50684571658,0.7693535073599884,0.23064649264001158,1586.40610460413,1432.87922009863,1550.69288797814,1445.13366986595,Jacoby Brissett,Joe Flacco,161.89823991400752,111.98570424164672,3.673571312111257,-15.457774733856859,0.742198899930906,0.257801100069094,104.12239882089969,75.16183162085136,156.12065580469672,108.30331697956716,1555.92083710229,1439.9057207418,15,13
2019-10-27,2019,0,,ATL,SEA,1417.50725998291,1558.69853950601,0.3920764563229889,0.6079235436770112,1401.74707170805,1574.45872778087,1410.04005412836,1530.41856885288,Matt Schaub,Russell Wilson,123.14821862507999,227.47955930824475,-100.28182518509563,21.493639777740565,0.263635651128105,0.736364348871895,325.5050027310058,102.30408690285894,143.38389703567256,214.96201206770618,1399.89832136321,1540.56030161803,20,27
2019-10-27,2019,1,,LAR,CIN,1580.93260134316,1322.30316394391,0.8158966965779668,0.18410330342203318,1589.8549233214,1313.38084196567,1582.48453576625,1302.66307050212,Jared Goff,Andy Dalton,156.87884197095823,116.95302134140614,-0.12506995565393025,-4.493829487766523,0.836980430522954,0.163019569477046,258.9302183442777,158.49098830930265,167.08397960829018,121.1068180381958,1590.30377103816,1294.84383523021,24,10
2019-10-27,2019,0,,SF,CAR,1583.95061959001,1561.56445771134,0.6231723451884565,0.37682765481154346,1610.5064238178,1535.00865348355,1612.90242471495,1586.63724502291,Jimmy Garoppolo,Kyle Allen,133.81463851985723,69.86870137243392,-3.98599816004807,-91.25587079662581,0.735571129217618,0.264428870782382,142.85068880858984,-218.361350777125,134.7182435487305,41.04569615747802,1630.82924171216,1568.7104280257,51,13
2019-10-27,2019,0,,NE,CLE,1720.08737228854,1450.35989103635,0.8728999387381564,0.1271000612618436,1726.0621791884,1444.38508413649,1715.31386323185,1486.40042086458,Tom Brady,Baker Mayfield,220.83954040884615,113.13433303062362,5.073570569286447,-19.676784428564993,0.856832745708445,0.143167254291555,141.6585133329861,115.63758591204831,212.92143770126015,113.38465831876609,1722.10804780318,1479.60623629325,27,13
2019-10-27,2019,0,,HOU,OAK,1553.32261175079,1437.4054265576,0.7391283445296655,0.26087165547033453,1560.0059083883,1430.72212992009,1548.87561583031,1440.21558417882,Deshaun Watson,Derek Carr,227.87027187381798,172.93698741990627,20.517244259135932,13.903508031794047,0.734535964951793,0.265464035048207,274.6638338777239,269.56620611496936,232.54962807420856,182.59990928941258,1555.68833750676,1433.40286250237,27,24
2019-10-27,2019,0,,KC,GB,1625.31713865551,1555.82299558307,0.6844310096627424,0.3155689903372576,1594.99899269535,1586.14114154323,1621.581832314,1597.4811318792,Matt Moore,Aaron Rodgers,114.37369198662,229.1875938486367,-119.10015941293139,21.22468591471998,0.415594835442601,0.584405164557399,236.606209977093,265.0604358482421,126.59694378566729,232.77487804859717,1604.75077189488,1614.31219229832,24,31
2019-10-28,2019,0,,PIT,MIA,1547.29016628781,1325.97023875445,0.8386462726501114,0.16135372734988862,1554.82586441449,1318.43454062777,1569.24793411342,1304.19774423016,Mason Rudolph,Ryan Fitzpatrick,100.71666256157583,130.3613277441067,-107.7730793175676,21.54361082710814,0.779875392911091,0.220124607088909,83.31683125006032,34.07671897675716,98.97667943042428,120.73286686737171,1579.81126577491,1293.63441256867,27,14
2019-10-31,2019,0,,ARI,SF,1382.39704596737,1610.5064238178,0.28111591089135607,0.7188840891086439,1375.14083774753,1617.76263203764,1363.4628546171,1630.82924171216,Kyler Murray,Jimmy Garoppolo,135.04196212236113,134.71824354873058,12.605959025923905,-3.334895737608927,0.246749750789244,0.753250249210756,294.1230077773561,358.703561693829,150.95006668786064,157.11677536324044,1357.17556096227,1637.11653536699,25,28
2019-11-03,2019,1,,JAX,HOU,1479.23149163593,1560.0059083883,0.38580630021157425,0.6141936997884258,1455.57769230761,1583.65970771662,1521.61446810287,1555.68833750676,Gardner Minshew,Deshaun Watson,104.45838020972276,232.5496280742086,-54.76591685481576,21.83106014637439,0.345908580955923,0.654091419044077,36.934186824845966,316.22833648115784,97.70596087123509,240.91749891490352,1500.68119322117,1576.62161238846,3,26
2019-11-03,2019,0,,PIT,IND,1554.82586441449,1586.40610460413,0.5479471150645824,0.4520528849354176,1564.60985486358,1576.62211415504,1579.81126577491,1555.92083710229,Mason Rudolph,Jacoby Brissett,98.97667943042418,156.12065580469675,-103.25441691726512,0.6011006918502254,0.466016728164367,0.533983271835633,143.97003105543365,45.20917404354417,103.47601459292513,145.02950762858148,1591.67157829253,1544.06052458467,26,24
2019-11-03,2019,0,,BUF,WSH,1485.36405116043,1348.28115389261,0.7619286807502131,0.23807131924978686,1497.45491182391,1336.19029322913,1490.53051813795,1332.04767625701,Josh Allen,Dwayne Haskins,137.4330677620563,106.55369999999999,2.3774297226220042,-21.672288401347963,0.798013656360601,0.201986343639399,154.02790527420515,70.15271003272092,139.09255151327122,102.91360100327208,1500.63481628068,1321.94337811428,24,9
2019-11-03,2019,0,,CAR,TEN,1535.00865348355,1505.88064622587,0.6322413598402246,0.36775864015977544,1551.9219446718,1488.96735503762,1568.7104280257,1494.30675564411,Kyle Allen,Ryan Tannehill,41.04569615747799,123.06388582161695,-101.10457986427258,2.269463220664192,0.539328050430659,0.460671949569341,66.61330470098106,235.99444538378543,43.6024570118283,134.3569417778338,1590.53166996101,1472.4855137088,30,20
2019-11-03,2019,0,,KC,MIN,1594.99899269535,1618.16460424209,0.5599152468158894,0.44008475318411056,1606.97303888513,1606.19055805231,1604.75077189488,1618.27648877442,Matt Moore,Kirk Cousins,126.59694378566729,199.7384958669596,-107.0335255427612,13.387205888822706,0.390572834185438,0.609427165814562,159.48857399337453,194.68370507145482,129.88610680643802,199.23301678740913,1622.26289692446,1600.76436374484,26,23
2019-11-03,2019,0,,MIA,NYJ,1318.43454062777,1326.87894194667,0.5806787136652244,0.4193212863347756,1336.39957264986,1308.91390992458,1293.63441256867,1377.36276777376,Ryan Fitzpatrick,Sam Darnold,120.73286686737177,75.68636648886027,15.652199847385198,13.439550958678351,0.468139027736025,0.531860972263975,182.77079367309312,87.69728070318237,126.93665954794392,76.88745791029247,1317.2446923893,1353.75248795313,26,18
2019-11-03,2019,0,,PHI,CHI,1564.1724980887,1544.53753363763,0.6194461353785632,0.3805538646214368,1580.27622667717,1528.43380504916,1565.80751281866,1532.15424246795,Carson Wentz,Mitchell Trubisky,179.45515006248556,136.41421185240847,-0.9610475757336289,-7.307020164081669,0.636951766709352,0.363048233290648,162.80047376271855,-19.21528631471361,177.78968243250884,120.85126203569628,1581.08339418798,1516.87836109863,22,14
2019-11-03,2019,0,,SEA,TB,1574.45872778087,1444.23443988596,0.7546931445963736,0.2453068554036264,1583.22750341784,1435.46566424899,1540.56030161803,1435.92154922436,Russell Wilson,Jameis Winston,214.96201206770627,126.30847114441974,14.16018416858428,-17.628887115865066,0.761350297979098,0.238649702020902,407.41055451450745,262.9960436100805,234.2068663123864,139.9772283909858,1549.06871220451,1427.41313863788,40,34
2019-11-03,2019,0,,OAK,DET,1430.72212992009,1491.54299004694,0.5060139756910399,0.4939860243089601,1451.22747897295,1471.03764099408,1433.40286250237,1473.06804845525,Derek Carr,Matthew Stafford,182.59990928941244,186.6690121654337,18.039793564957215,15.911941163402805,0.537029729058335,0.462970270941665,232.48451516764618,251.98693319946267,187.58836987723583,193.20080426883658,1452.43425795575,1454.03665300187,31,24
2019-11-03,2019,0,,LAC,GB,1506.01443841784,1586.14114154323,0.4782446688171065,0.5217553311828935,1535.14700631517,1557.0085736459,1483.0956880575,1614.31219229832,Philip Rivers,Aaron Rodgers,182.95695001813183,232.77487804859706,4.488176848806402,21.957093718963907,0.377795426588561,0.622204573411439,184.15219049386334,101.51796684695357,183.076474065705,219.64918692843264,1519.01302536359,1578.39485499223,26,11
2019-11-03,2019,0,,DEN,CLE,1432.87922009863,1444.38508413649,0.5763816265461266,0.42361837345387343,1447.69930668059,1429.56499755453,1439.9057207418,1479.60623629325,Brandon Allen,Baker Mayfield,22.217579999999998,113.38465831876623,-102.6118166077709,-18.567782563065432,0.409149741822476,0.590850258177524,124.97187868196163,253.98256989547957,32.49300986819616,127.44444947643758,1461.71170234419,1457.80025469086,24,19
2019-11-03,2019,0,,BAL,NE,1602.36514160415,1726.0621791884,0.41632276598683593,0.5836772340131641,1637.03092491053,1691.39639588202,1572.86697112957,1722.10804780318,Lamar Jackson,Tom Brady,193.60523848623936,212.9214377012603,22.11344200414703,0.8608406870292498,0.433306026017987,0.566693973982013,412.10199763207197,170.21291336060287,215.45491440082262,208.65058526719451,1606.33534507805,1688.6396738547,37,20
2019-11-04,2019,0,,NYG,DAL,1363.76637613557,1559.38793976186,0.3204034864220307,0.6795965135779694,1345.64541839974,1577.50889749769,1361.69707511871,1551.92231427017,Daniel Jones,Dak Prescott,118.87096610458343,223.2161920103587,-18.717841593908492,18.40747609287412,0.248968877322139,0.751031122677861,107.57643114217394,249.41782750373048,117.74151260834248,225.83635555969587,1347.97641712629,1565.64297226259,18,37
2019-11-07,2019,0,,OAK,LAC,1451.22747897295,1535.14700631517,0.47279949226572804,0.527200507734272,1462.9117402373,1523.46274505082,1452.43425795575,1519.01302536359,Derek Carr,Philip Rivers,187.5883698772357,183.07647406570499,19.632034180620828,4.323530030152722,0.50794321128144,0.49205678871856,144.588359520231,-131.8961224448855,183.2883688415352,151.57921441464592,1463.21879140977,1508.22849190957,26,24
2019-11-10,2019,0,,TB,ARI,1435.46566424899,1375.14083774753,0.6729213273374816,0.32707867266251844,,,,,Jameis Winston,Kyler Murray,139.9772283909859,150.95006668786075,-9.913064136788657,19.92971335737756,0.6435181875116828,0.35648181248831723,,,"","",,,,
2019-11-10,2019,0,,CIN,BAL,1313.38084196567,1637.03092491053,0.18408545242354554,0.8159145475764544,,,,,Ryan Finley,Lamar Jackson,66.19932,215.45491440082267,-57.099737703179144,31.93260786123142,0.13760357508905616,0.8623964249109438,,,"","",,,,
2019-11-10,2019,0,,NO,ATL,1677.66877619932,1401.74707170805,0.8768035886005144,0.12319641139948556,,,,,Drew Brees,"",226.88745187279773,186.5158764432886,9.197032532430232,-42.01791531292869,0.9040180447419764,0.09598195525802355,,,"","",,,,
2019-11-10,2019,0,,NYJ,NYG,1308.91390992458,1345.64541839974,0.5405920960446091,0.4594079039553909,,,,,Sam Darnold,Daniel Jones,76.88745791029247,117.74151260834259,13.36811912146062,-18.346676262333542,0.6300474137777718,0.36995258622222815,,,"","",,,,
2019-11-10,2019,0,,CHI,DET,1528.43380504916,1471.03764099408,0.6691999891570246,0.3308000108429754,,,,,Mitchell Trubisky,Matthew Stafford,120.85126203569628,193.20080426883655,-14.723144064233528,18.382240156933964,0.6208683823066016,0.3791316176933984,,,"","",,,,
2019-11-10,2019,0,,CLE,BUF,1429.56499755453,1497.45491182391,0.4958411749631245,0.5041588250368755,,,,,Baker Mayfield,Josh Allen,127.44444947643748,139.0925515132712,-10.609497856076468,3.0883001120984095,0.4987918246324043,0.5012081753675957,,,"","",,,,
2019-11-10,2019,0,,TEN,KC,1488.96735503762,1606.97303888513,0.42430505535972257,0.5756949446402775,,,,,Ryan Tannehill,Patrick Mahomes,134.35694177783395,244.11791771715014,7.802518037739481,14.194543155474333,0.360862455298231,0.639137544701769,,,"","",,,,
2019-11-10,2019,0,,IND,MIA,1576.62211415504,1336.39957264986,0.8528338073898538,0.14716619261014618,,,,,"",Ryan Fitzpatrick,129.51543072147868,126.93665954794406,-20.48860533790289,17.971486195302084,0.805999381904242,0.19400061809575797,,,"","",,,,
2019-11-10,2019,0,,GB,CAR,1557.0085736459,1551.9219446718,0.5995165331016619,0.40048346689833814,,,,,Aaron Rodgers,Kyle Allen,219.64918692843256,43.60245701182833,14.296393472933541,-94.7709704438838,0.7092550067966346,0.29074499320336544,,,"","",,,,
2019-11-10,2019,0,,PIT,LAR,1564.60985486358,1589.8549233214,0.5569635575249124,0.44303644247508756,,,,,Mason Rudolph,Jared Goff,103.47601459292525,167.08397960829,-95.84202849015134,4.983752360794664,0.4044359130708647,0.5955640869291353,,,"","",,,,
2019-11-10,2019,0,,DAL,MIN,1577.50889749769,1606.19055805231,0.5520767479797367,0.4479232520202633,,,,,Dak Prescott,Kirk Cousins,225.83635555969587,199.23301678740899,18.797184062899113,12.465106054606258,0.5426261436750758,0.4573738563249242,,,"","",,,,
2019-11-11,2019,0,,SF,SEA,1617.76263203764,1583.22750341784,0.63944826391879,0.36055173608121005,,,,,Jimmy Garoppolo,Russell Wilson,157.11677536324044,234.20686631238664,8.031114956526423,23.074602082495236,0.6797430014664114,0.3202569985335886,,,"","",,,,
2019-11-14,2019,0,,CLE,PIT,1429.56499755453,1564.60985486358,0.40054120116196,0.59945879883804,,,,,Baker Mayfield,Mason Rudolph,127.44444947643748,103.47601459292525,-10.609497856076468,-95.84202849015134,0.5098120941453033,0.49018790585469674,,,"","",,,,
2019-11-17,2019,0,,MIA,BUF,1336.39957264986,1497.45491182391,0.3651828123077317,0.6348171876922684,,,,,Ryan Fitzpatrick,Josh Allen,126.93665954794406,139.0925515132712,17.971486195302084,3.0883001120984095,0.3482934752077908,0.6517065247922091,,,"","",,,,
2019-11-17,2019,0,,BAL,HOU,1637.03092491053,1583.65970771662,0.6640509797767193,0.33594902022328066,,,,,Lamar Jackson,Deshaun Watson,215.45491440082267,240.91749891490346,31.93260786123142,24.92344255940318,0.6018103015228377,0.39818969847716235,,,"","",,,,
2019-11-17,2019,0,,TB,NO,1435.46566424899,1677.66877619932,0.26501510764845343,0.7349848923515465,,,,,Jameis Winston,Drew Brees,139.9772283909859,226.88745187279773,-9.913064136788657,9.197032532430232,0.2234838018428144,0.7765161981571855,,,"","",,,,
2019-11-17,2019,0,,WSH,NYJ,1336.19029322913,1308.91390992458,0.6297595829103924,0.37024041708960764,,,,,"",Sam Darnold,104.31747035855771,76.88745791029247,-21.004854124358932,13.36811912146062,0.5210136809016663,0.47898631909833367,,,"","",,,,
2019-11-17,2019,0,,MIN,DEN,1606.19055805231,1447.69930668059,0.7835574211495775,0.2164425788504225,,,,,Kirk Cousins,Brandon Allen,199.23301678740899,32.49300986819616,12.465106054606258,-92.34351084328422,0.8309821845334877,0.1690178154665123,,,"","",,,,
2019-11-17,2019,0,,IND,JAX,1576.62211415504,1455.57769230761,0.7447790166059033,0.2552209833940967,,,,,"",Nick Foles,137.27246917503007,163.488868151235,-12.73156688435149,10.379076598681234,0.5757889723714287,0.4242110276285713,,,"","",,,,
2019-11-17,2019,0,,DET,DAL,1471.03764099408,1577.50889749769,0.4405999023645149,0.5594000976354851,,,,,Matthew Stafford,Dak Prescott,193.20080426883655,225.83635555969587,18.382240156933964,18.797184062899113,0.4243635799641531,0.5756364200358469,,,"","",,,,
2019-11-17,2019,0,,CAR,ATL,1551.9219446718,1401.74707170805,0.7753282669342847,0.2246717330657153,,,,,Kyle Allen,Matt Ryan,43.60245701182833,229.6478558509047,-94.7709704438838,1.1140640946874256,0.7041693786827242,0.2958306213172758,,,"","",,,,
2019-11-17,2019,0,,SF,ARI,1617.76263203764,1375.14083774753,0.8545587954501096,0.1454412045498904,,,,,Jimmy Garoppolo,Kyler Murray,157.11677536324044,150.95006668786075,8.031114956526423,19.92971335737756,0.8669521347219302,0.13304786527806978,,,"","",,,,
2019-11-17,2019,0,,OAK,CIN,1462.9117402373,1313.38084196567,0.7746818666477809,0.22531813335221906,,,,,Derek Carr,Ryan Finley,183.28836884153532,66.19932,16.500431953739582,-57.099737703179144,0.8527405861066158,0.14725941389338415,,,"","",,,,
2019-11-17,2019,0,,PHI,NE,1580.27622667717,1691.39639588202,0.43401486369755227,0.5659851363024477,,,,,Carson Wentz,Tom Brady,177.78968243250884,208.65058526719437,-1.7457290119355,-1.3176275643550766,0.42576355483575956,0.5742364451642404,,,"","",,,,
2019-11-17,2019,0,,LAR,CHI,1589.8549233214,1528.43380504916,0.6743087962435017,0.3256912037564983,,,,,Jared Goff,Mitchell Trubisky,167.08397960829,120.85126203569628,4.983752360794664,-14.723144064233528,0.7023966000109386,0.2976033999890614,,,"","",,,,
2019-11-18,2019,1,,LAC,KC,1523.46274505082,1606.97303888513,0.3820812027246431,0.6179187972753569,,,,,Philip Rivers,Patrick Mahomes,151.5792144146458,244.11791771715014,-11.641276296884522,14.194543155474333,0.3089233118720002,0.6910766881279998,,,"","",,,,
2019-11-21,2019,0,,HOU,IND,1583.65970771662,1576.62211415504,0.60220993504039,0.39779006495961,,,,,Deshaun Watson,"",240.91749891490346,142.70239609251615,24.92344255940318,-7.30163996686542,0.6703171799353123,0.32968282006468774,,,"","",,,,
2019-11-24,2019,0,,CIN,PIT,1313.38084196567,1564.60985486358,0.25501905510641576,0.7449809448935842,,,,,Ryan Finley,Mason Rudolph,66.19932,103.47601459292525,-57.099737703179144,-95.84202849015134,0.2380971756895715,0.7619028243104284,,,"","",,,,
2019-11-24,2019,0,,CLE,MIA,1429.56499755453,1336.39957264986,0.7130970199530835,0.2869029800469165,,,,,Baker Mayfield,Ryan Fitzpatrick,127.44444947643748,126.93665954794406,-10.609497856076468,17.971486195302084,0.7283012815550928,0.27169871844490723,,,"","",,,,
2019-11-24,2019,0,,ATL,TB,1401.74707170805,1435.46566424899,0.5448963148788984,0.45510368512110155,,,,,Matt Ryan,Jameis Winston,229.6478558509047,139.9772283909859,1.1140640946874256,-9.913064136788657,0.5575589574984308,0.44244104250156924,,,"","",,,,
2019-11-24,2019,0,,NYJ,OAK,1308.91390992458,1462.9117402373,0.374651532877356,0.625348467122644,,,,,Sam Darnold,Derek Carr,76.88745791029247,183.28836884153532,13.36811912146062,16.500431953739582,0.43222431248401694,0.5677756875159831,,,"","",,,,
2019-11-24,2019,0,,BUF,DEN,1497.45491182391,1447.69930668059,0.6593920947661341,0.34060790523386586,,,,,Josh Allen,Brandon Allen,139.0925515132712,32.49300986819616,3.0883001120984095,-92.34351084328422,0.7542966703027307,0.24570332969726927,,,"","",,,,
2019-11-24,2019,0,,CHI,NYG,1528.43380504916,1345.64541839974,0.8063373715229692,0.19366262847703075,,,,,Mitchell Trubisky,Daniel Jones,120.85126203569628,117.74151260834259,-14.723144064233528,-18.346676262333542,0.7653235652909004,0.2346764347090996,,,"","",,,,
2019-11-24,2019,0,,NO,CAR,1677.66877619932,1551.9219446718,0.7498902473870734,0.25010975261292656,,,,,Drew Brees,Kyle Allen,226.88745187279773,43.60245701182833,9.197032532430232,-94.7709704438838,0.8106370352132228,0.18936296478677717,,,"","",,,,
2019-11-24,2019,0,,WSH,DET,1336.19029322913,1471.03764099408,0.4008142242566713,0.5991857757433288,,,,,"",Matthew Stafford,105.89682338325419,193.20080426883655,-19.42550109966245,18.382240156933964,0.3425009598280748,0.6574990401719252,,,"","",,,,
2019-11-24,2019,0,,TEN,JAX,1488.96735503762,1455.57769230761,0.6379266348233279,0.3620733651766721,,,,,Ryan Tannehill,Nick Foles,134.35694177783395,163.488868151235,7.802518037739481,10.379076598681234,0.5732005557324586,0.42679944426754135,,,"","",,,,
2019-11-24,2019,0,,SF,GB,1617.76263203764,1557.0085736459,0.6734649260985207,0.3265350739014793,,,,,Jimmy Garoppolo,Aaron Rodgers,157.11677536324044,219.64918692843256,8.031114956526423,14.296393472933541,0.6264236373433528,0.3735763626566472,,,"","",,,,
2019-11-24,2019,0,,NE,DAL,1691.39639588202,1577.50889749769,0.7368692125104529,0.2631307874895471,,,,,Tom Brady,Dak Prescott,208.65058526719437,225.83635555969587,-1.3176275643550766,18.797184062899113,0.7200191766392581,0.2799808233607419,,,"","",,,,
2019-11-24,2019,0,,PHI,SEA,1580.27622667717,1583.22750341784,0.5883579022618589,0.4116420977381411,,,,,Carson Wentz,Russell Wilson,177.78968243250884,234.20686631238664,-1.7457290119355,23.074602082495236,0.5668110103177957,0.4331889896822043,,,"","",,,,
2019-11-25,2019,0,,LAR,BAL,1589.8549233214,1637.03092491053,0.5256283162702193,0.47437168372978067,,,,,Jared Goff,Lamar Jackson,167.08397960829,215.45491440082267,4.983752360794664,31.93260786123142,0.5214886777537606,0.4785113222462394,,,"","",,,,
2019-11-28,2019,0,,DET,CHI,1471.03764099408,1528.43380504916,0.5109410527695183,0.4890589472304817,,,,,Matthew Stafford,Mitchell Trubisky,193.20080426883655,120.85126203569628,18.382240156933964,-14.723144064233528,0.5376495034533493,0.4623504965466507,,,"","",,,,
2019-11-28,2019,0,,DAL,BUF,1577.50889749769,1497.45491182391,0.6974106633699616,0.3025893366300384,,,,,Dak Prescott,Josh Allen,225.83635555969587,139.0925515132712,18.797184062899113,3.0883001120984095,0.6919374222572109,0.3080625777427891,,,"","",,,,
2019-11-28,2019,0,,ATL,NO,1401.74707170805,1677.66877619932,0.22896529717024497,0.7710347028297551,,,,,Matt Ryan,Drew Brees,229.6478558509047,226.88745187279773,1.1140640946874256,9.197032532430232,0.2072437979595835,0.7927562020404165,,,"","",,,,
2019-12-01,2019,0,,JAX,TB,1455.57769230761,1435.46566424899,0.6200932913484721,0.37990670865152787,,,,,Nick Foles,Jameis Winston,163.488868151235,139.9772283909859,10.379076598681234,-9.913064136788657,0.7024746796975172,0.2975253203024828,,,"","",,,,
2019-12-01,2019,0,,KC,OAK,1606.97303888513,1462.9117402373,0.7691385853660782,0.23086141463392185,,,,,Patrick Mahomes,Derek Carr,244.11791771715014,183.28836884153532,14.194543155474333,16.500431953739582,0.801754880963219,0.198245119036781,,,"","",,,,
2019-12-01,2019,0,,NYG,GB,1345.64541839974,1557.0085736459,0.3010013526361733,0.6989986473638268,,,,,Daniel Jones,Aaron Rodgers,117.74151260834259,219.64918692843256,-18.346676262333542,14.296393472933541,0.2349942467687646,0.7650057532312354,,,"","",,,,
2019-12-01,2019,0,,MIA,PHI,1336.39957264986,1580.27622667717,0.26314289146412856,0.7368571085358715,,,,,Ryan Fitzpatrick,Carson Wentz,126.93665954794406,177.78968243250884,17.971486195302084,-1.7457290119355,0.2562668078685926,0.7437331921314074,,,"","",,,,
2019-12-01,2019,0,,IND,TEN,1576.62211415504,1488.96735503762,0.7065634202888446,0.29343657971115544,,,,,Jacoby Brissett,Ryan Tannehill,145.02950762858148,134.35694177783395,-4.974528430800066,7.802518037739481,0.6594508260035051,0.34054917399649487,,,"","",,,,
2019-12-01,2019,0,,CAR,WSH,1551.9219446718,1336.19029322913,0.8342456858242446,0.16575431417575537,,,,,Kyle Allen,"",43.60245701182833,107.30069273853995,-94.7709704438838,-18.02163174437669,0.8066937857323987,0.1933062142676013,,,"","",,,,
2019-12-01,2019,0,,CIN,NYJ,1313.38084196567,1308.91390992458,0.5986597427994249,0.4013402572005751,,,,,Ryan Finley,Sam Darnold,66.19932,76.88745791029247,-57.099737703179144,13.36811912146062,0.3976853249845233,0.6023146750154766,,,"","",,,,
2019-12-01,2019,0,,BAL,SF,1637.03092491053,1617.76263203764,0.6189484418703968,0.38105155812960323,,,,,Lamar Jackson,Jimmy Garoppolo,215.45491440082267,157.11677536324044,31.93260786123142,8.031114956526423,0.5826081987675686,0.41739180123243136,,,"","",,,,
2019-12-01,2019,0,,ARI,LAR,1375.14083774753,1589.8549233214,0.2969584937892668,0.7030415062107331,,,,,Kyler Murray,Jared Goff,150.95006668786075,167.08397960829,19.92971335737756,4.983752360794664,0.3173517581034965,0.6826482418965035,,,"","",,,,
2019-12-01,2019,0,,DEN,LAC,1447.69930668059,1523.46274505082,0.4845151205380243,0.5154848794619757,,,,,Brandon Allen,Philip Rivers,32.49300986819616,151.5792144146458,-92.34351084328422,-11.641276296884522,0.3680530503445467,0.6319469496554533,,,"","",,,,
2019-12-01,2019,0,,PIT,CLE,1564.60985486358,1429.56499755453,0.7597940566748996,0.24020594332510037,,,,,Mason Rudolph,Baker Mayfield,103.47601459292525,127.44444947643748,-95.84202849015134,-10.609497856076468,0.6454797139515399,0.3545202860484601,,,"","",,,,
2019-12-01,2019,0,,HOU,NE,1583.65970771662,1691.39639588202,0.43880528637655214,0.5611947136234479,,,,,Deshaun Watson,Tom Brady,240.91749891490346,208.65058526719437,24.92344255940318,-1.3176275643550766,0.46493956170528217,0.5350604382947178,,,"","",,,,
2019-12-02,2019,0,,SEA,MIN,1583.22750341784,1606.19055805231,0.5602025437510794,0.43979745624892064,,,,,Russell Wilson,Kirk Cousins,234.20686631238664,199.23301678740899,23.074602082495236,12.465106054606258,0.49206653148045026,0.5079334685195498,,,"","",,,,
2019-12-05,2019,0,,CHI,DAL,1528.43380504916,1577.50889749769,0.5229017483661378,0.4770982516338622,,,,,Mitchell Trubisky,Dak Prescott,120.85126203569628,225.83635555969587,-14.723144064233528,18.797184062899113,0.4654918523472582,0.5345081476527418,,,"","",,,,
2019-12-08,2019,0,,NO,SF,1677.66877619932,1617.76263203764,0.6723906412715585,0.32760935872844155,,,,,Drew Brees,Jimmy Garoppolo,226.88745187279773,157.11677536324044,9.197032532430232,8.031114956526423,0.6510156163350711,0.3489843836649289,,,"","",,,,
2019-12-08,2019,0,,MIN,DET,1606.19055805231,1471.03764099408,0.7599075653623665,0.24009243463763352,,,,,Kirk Cousins,Matthew Stafford,199.23301678740899,193.20080426883655,12.465106054606258,18.382240156933964,0.757616953521824,0.242383046478176,,,"","",,,,
2019-12-08,2019,0,,GB,WSH,1557.0085736459,1336.19029322913,0.8382551288515295,0.16174487114847047,,,,,Aaron Rodgers,"",219.64918692843256,108.88004576323644,14.296393472933541,-16.4422787196802,0.8792983903573686,0.12070160964263144,,,"","",,,,
2019-12-08,2019,0,,TB,IND,1435.46566424899,1576.62211415504,0.39212424593670636,0.6078757540632936,,,,,Jameis Winston,Jacoby Brissett,139.9772283909859,145.02950762858148,-9.913064136788657,-4.974528430800066,0.4100106024705179,0.5899893975294821,,,"","",,,,
2019-12-08,2019,0,,CLE,CIN,1429.56499755453,1313.38084196567,0.7394245587455446,0.2605754412544554,,,,,Baker Mayfield,Ryan Finley,127.44444947643748,66.19932,-10.609497856076468,-57.099737703179144,0.8216283981331817,0.17837160186681833,,,"","",,,,
2019-12-08,2019,0,,BUF,BAL,1497.45491182391,1637.03092491053,0.3942949208746125,0.6057050791253875,,,,,Josh Allen,Lamar Jackson,139.0925515132712,215.45491440082267,3.0883001120984095,31.93260786123142,0.3889442049645871,0.611055795035413,,,"","",,,,
2019-12-08,2019,0,,NYJ,MIA,1308.91390992458,1336.39957264986,0.5537786390378026,0.44622136096219744,,,,,Sam Darnold,Ryan Fitzpatrick,76.88745791029247,126.93665954794406,13.36811912146062,17.971486195302084,0.6283820366704977,0.37161796332950225,,,"","",,,,
2019-12-08,2019,0,,ATL,CAR,1401.74707170805,1551.9219446718,0.3798214887760251,0.6201785112239748,,,,,Matt Ryan,Kyle Allen,229.6478558509047,43.60245701182833,1.1140640946874256,-94.7709704438838,0.44433213377763164,0.5556678662223684,,,"","",,,,
2019-12-08,2019,0,,HOU,DEN,1583.65970771662,1447.69930668059,0.7607546049585742,0.23924539504142583,,,,,Deshaun Watson,Brandon Allen,240.91749891490346,32.49300986819616,24.92344255940318,-92.34351084328422,0.8420373667412644,0.1579626332587356,,,"","",,,,
2019-12-08,2019,0,,JAX,LAC,1455.57769230761,1523.46274505082,0.4958481707784662,0.5041518292215338,,,,,Nick Foles,Philip Rivers,163.488868151235,151.5792144146458,10.379076598681234,-11.641276296884522,0.6101664709525401,0.38983352904745994,,,"","",,,,
2019-12-08,2019,0,,OAK,TEN,1462.9117402373,1488.96735503762,0.555811923639261,0.444188076360739,,,,,Derek Carr,Ryan Tannehill,183.28836884153532,134.35694177783395,16.500431953739582,7.802518037739481,0.588610272441844,0.41138972755815595,,,"","",,,,
2019-12-08,2019,0,,ARI,PIT,1375.14083774753,1564.60985486358,0.32816389446345806,0.6718361055365419,,,,,Kyler Murray,Mason Rudolph,150.95006668786075,103.47601459292525,19.92971335737756,-95.84202849015134,0.4195537155668882,0.5804462844331117,,,"","",,,,
2019-12-08,2019,0,,NE,KC,1691.39639588202,1606.97303888513,0.7026919897483979,0.29730801025160214,,,,,Tom Brady,Patrick Mahomes,208.65058526719437,244.11791771715014,-1.3176275643550766,14.194543155474333,0.6542608215891966,0.34573917841080337,,,"","",,,,
2019-12-08,2019,0,,LAR,SEA,1589.8549233214,1583.22750341784,0.6016441780459055,0.39835582195409447,,,,,Jared Goff,Russell Wilson,167.08397960829,234.20686631238664,4.983752360794664,23.074602082495236,0.6199868194383685,0.38001318056163147,,,"","",,,,
2019-12-09,2019,0,,PHI,NYG,1580.27622667717,1345.64541839974,0.8487478175605029,0.15125218243949712,,,,,Carson Wentz,Daniel Jones,177.78968243250884,117.74151260834259,-1.7457290119355,-18.346676262333542,0.8527085052103667,0.14729149478963333,,,"","",,,,
2019-12-12,2019,0,,BAL,NYJ,1637.03092491053,1308.91390992458,0.9057628847375867,0.0942371152624133,,,,,Lamar Jackson,Sam Darnold,215.45491440082267,76.88745791029247,31.93260786123142,13.36811912146062,0.8677724461349036,0.13222755386509644,,,"","",,,,
2019-12-15,2019,0,,CAR,SEA,1551.9219446718,1583.22750341784,0.5483387486185732,0.45166125138142676,,,,,Kyle Allen,Russell Wilson,43.60245701182833,234.20686631238664,-94.7709704438838,23.074602082495236,0.48237695178973106,0.5176230482102689,,,"","",,,,
2019-12-15,2019,0,,KC,DEN,1606.97303888513,1447.69930668059,0.7843203567111358,0.21567964328886424,,,,,Patrick Mahomes,Brandon Allen,244.11791771715014,32.49300986819616,14.194543155474333,-92.34351084328422,0.8661226199810313,0.13387738001896865,,,"","",,,,
2019-12-15,2019,0,,WSH,PHI,1336.19029322913,1580.27622667717,0.26290936657000863,0.7370906334299914,,,,,"",Carson Wentz,110.28391511852219,177.78968243250884,-15.038409364394463,-1.7457290119355,0.2228692319330517,0.7771307680669484,,,"","",,,,
2019-12-15,2019,0,,NYG,MIA,1345.64541839974,1336.39957264986,0.6052510754893962,0.39474892451060384,,,,,Daniel Jones,Ryan Fitzpatrick,117.74151260834259,126.93665954794406,-18.346676262333542,17.971486195302084,0.576755205305771,0.42324479469422904,,,"","",,,,
2019-12-15,2019,0,,PIT,BUF,1564.60985486358,1497.45491182391,0.6815154604757502,0.3184845395242498,,,,,Mason Rudolph,Josh Allen,103.47601459292525,139.0925515132712,-95.84202849015134,3.0883001120984095,0.5683569996638985,0.4316430003361015,,,"","",,,,
2019-12-15,2019,0,,DET,TB,1471.03764099408,1435.46566424899,0.640823195993107,0.359176804006893,,,,,Matthew Stafford,Jameis Winston,193.20080426883655,139.9772283909859,18.382240156933964,-9.913064136788657,0.6582785853055932,0.34172141469440676,,,"","",,,,
2019-12-15,2019,0,,GB,CHI,1557.0085736459,1528.43380504916,0.6315005673336096,0.3684994326663904,,,,,Aaron Rodgers,Mitchell Trubisky,219.64918692843256,120.85126203569628,14.296393472933541,-14.723144064233528,0.6988878752138622,0.3011121247861378,,,"","",,,,
2019-12-15,2019,0,,TEN,HOU,1488.96735503762,1583.65970771662,0.45737299682644017,0.5426270031735598,,,,,Ryan Tannehill,Deshaun Watson,134.35694177783395,240.91749891490346,7.802518037739481,24.92344255940318,0.40952544352422715,0.5904745564757728,,,"","",,,,
2019-12-15,2019,0,,CIN,NE,1313.38084196567,1691.39639588202,0.14162451090908343,0.8583754890909165,,,,,Ryan Finley,Tom Brady,66.19932,208.65058526719437,-57.099737703179144,-1.3176275643550766,0.09494727844144948,0.9050527215585505,,,"","",,,,
2019-12-15,2019,0,,ARI,CLE,1375.14083774753,1429.56499755453,0.515215158439388,0.48478484156061197,,,,,Kyler Murray,Baker Mayfield,150.95006668786075,127.44444947643748,19.92971335737756,-10.609497856076468,0.4883925784871391,0.511607421512861,,,"","",,,,
2019-12-15,2019,0,,OAK,JAX,1462.9117402373,1455.57769230761,0.6026186678957633,0.39738133210423665,,,,,Derek Carr,Nick Foles,183.28836884153532,163.488868151235,16.500431953739582,10.379076598681234,0.5475011043871638,0.4524988956128362,,,"","",,,,
2019-12-15,2019,0,,SF,ATL,1617.76263203764,1401.74707170805,0.8344715546138453,0.16552844538615474,,,,,Jimmy Garoppolo,Matt Ryan,157.11677536324044,229.6478558509047,8.031114956526423,1.1140640946874256,0.8545987361787624,0.14540126382123764,,,"","",,,,
2019-12-15,2019,0,,DAL,LAR,1577.50889749769,1589.8549233214,0.5752003185241341,0.4247996814758659,,,,,Dak Prescott,Jared Goff,225.83635555969587,167.08397960829,18.797184062899113,4.983752360794664,0.5663812804749312,0.4336187195250688,,,"","",,,,
2019-12-15,2019,0,,LAC,MIN,1523.46274505082,1606.19055805231,0.4745097439485023,0.5254902560514977,,,,,Philip Rivers,Kirk Cousins,151.5792144146458,199.23301678740899,-11.641276296884522,12.465106054606258,0.4207578523408475,0.5792421476591525,,,"","",,,,
2019-12-16,2019,0,,NO,IND,1677.66877619932,1576.62211415504,0.7222884164339566,0.2777115835660434,,,,,Drew Brees,Jacoby Brissett,226.88745187279773,145.02950762858148,9.197032532430232,-4.974528430800066,0.769632344607693,0.23036765539230697,,,"","",,,,
2019-12-22,2019,0,,LAC,OAK,1523.46274505082,1462.9117402373,0.6732078278133244,0.32679217218667556,,,,,Philip Rivers,Derek Carr,151.5792144146458,183.28836884153532,-11.641276296884522,16.500431953739582,0.6044426108354523,0.39555738916454775,,,"","",,,,
2019-12-22,2019,0,,SF,LAR,1617.76263203764,1589.8549233214,0.6306065418346961,0.3693934581653039,,,,,Jimmy Garoppolo,Jared Goff,157.11677536324044,167.08397960829,8.031114956526423,4.983752360794664,0.6556023569447675,0.34439764305523246,,,"","",,,,
2019-12-22,2019,0,,TB,HOU,1435.46566424899,1583.65970771662,0.3825111022184821,0.6174888977815178,,,,,Jameis Winston,Deshaun Watson,139.9772283909859,240.91749891490346,-9.913064136788657,24.92344255940318,0.3263724362723187,0.6736275637276813,,,"","",,,,
2019-12-22,2019,0,,NE,BUF,1691.39639588202,1497.45491182391,0.8161663621519634,0.18383363784803664,,,,,Tom Brady,Josh Allen,208.65058526719437,139.0925515132712,-1.3176275643550766,3.0883001120984095,0.7993749845249777,0.20062501547502232,,,"","",,,,
2019-12-22,2019,0,,DEN,DET,1447.69930668059,1471.03764099408,0.5596702334724877,0.4403297665275123,,,,,Brandon Allen,Matthew Stafford,32.49300986819616,193.20080426883655,-92.34351084328422,18.382240156933964,0.4378333762646248,0.5621666237353752,,,"","",,,,
2019-12-22,2019,0,,MIA,CIN,1336.39957264986,1313.38084196567,0.6240270559752231,0.3759729440247769,,,,,Ryan Fitzpatrick,Ryan Finley,126.93665954794406,66.19932,17.971486195302084,-57.099737703179144,0.710824271293835,0.28917572870616504,,,"","",,,,
2019-12-22,2019,0,,NYJ,PIT,1308.91390992458,1564.60985486358,0.25016469647130796,0.749835303528692,,,,,Sam Darnold,Mason Rudolph,76.88745791029247,103.47601459292525,13.36811912146062,-95.84202849015134,0.3972104196080127,0.6027895803919874,,,"","",,,,
2019-12-22,2019,0,,WSH,NYG,1336.19029322913,1345.64541839974,0.5792613747570232,0.4207386252429768,,,,,"",Daniel Jones,111.86326814321868,117.74151260834259,-13.459056339697971,-18.346676262333542,0.5496965164419162,0.4503034835580838,,,"","",,,,
2019-12-22,2019,0,,TEN,NO,1488.96735503762,1677.66877619932,0.3291388205275197,0.6708611794724804,,,,,Ryan Tannehill,Drew Brees,134.35694177783395,226.88745187279773,7.802518037739481,9.197032532430232,0.29230423780621706,0.7076957621937829,,,"","",,,,
2019-12-22,2019,0,,IND,CAR,1576.62211415504,1551.9219446718,0.6262952089456706,0.3737047910543294,,,,,Jacoby Brissett,Kyle Allen,145.02950762858148,43.60245701182833,-4.974528430800066,-94.7709704438838,0.6401144415396984,0.35988555846030157,,,"","",,,,
2019-12-22,2019,0,,CLE,BAL,1429.56499755453,1637.03092491053,0.3057424752198489,0.6942575247801511,,,,,Baker Mayfield,Lamar Jackson,127.44444947643748,215.45491440082267,-10.609497856076468,31.93260786123142,0.31513569310252587,0.6848643068974741,,,"","",,,,
2019-12-22,2019,0,,ATL,JAX,1401.74707170805,1455.57769230761,0.5160684938637639,0.48393150613623614,,,,,Matt Ryan,Nick Foles,229.6478558509047,163.488868151235,1.1140640946874256,10.379076598681234,0.42305093585454046,0.5769490641454595,,,"","",,,,
2019-12-22,2019,0,,SEA,ARI,1583.22750341784,1375.14083774753,0.8280704184290699,0.17192958157093008,,,,,Russell Wilson,Kyler Murray,234.20686631238664,150.95006668786075,23.074602082495236,19.92971335737756,0.8122639354607621,0.18773606453923786,,,"","",,,,
2019-12-22,2019,0,,PHI,DAL,1580.27622667717,1577.50889749769,0.5963067972816393,0.40369320271836073,,,,,Carson Wentz,Dak Prescott,177.78968243250884,225.83635555969587,-1.7457290119355,18.797184062899113,0.5787115023139331,0.4212884976860669,,,"","",,,,
2019-12-22,2019,0,,CHI,KC,1528.43380504916,1606.97303888513,0.4805253332410759,0.5194746667589241,,,,,Mitchell Trubisky,Patrick Mahomes,120.85126203569628,244.11791771715014,-14.723144064233528,14.194543155474333,0.39006185179840497,0.6099381482015951,,,"","",,,,
2019-12-23,2019,0,,MIN,GB,1606.19055805231,1557.0085736459,0.6586500890653786,0.3413499109346214,,,,,Kirk Cousins,Aaron Rodgers,199.23301678740899,219.64918692843256,12.465106054606258,14.296393472933541,0.6084397232792801,0.3915602767207199,,,"","",,,,
2019-12-29,2019,0,,JAX,IND,1455.57769230761,1576.62211415504,0.42003794520061044,0.5799620547993896,,,,,Nick Foles,Jacoby Brissett,163.488868151235,145.02950762858148,10.379076598681234,-4.974528430800066,0.5427495630377487,0.4572504369622513,,,"","",,,,
2019-12-29,2019,0,,BAL,PIT,1637.03092491053,1564.60985486358,0.6880587307796484,0.3119412692203516,,,,,Lamar Jackson,Mason Rudolph,215.45491440082267,103.47601459292525,31.93260786123142,-95.84202849015134,0.7578802670424212,0.24211973295757883,,,"","",,,,
2019-12-29,2019,0,,MIN,CHI,1606.19055805231,1528.43380504916,0.6946127660854933,0.30538723391450673,,,,,Kirk Cousins,Mitchell Trubisky,199.23301678740899,120.85126203569628,12.465106054606258,-14.723144064233528,0.7239602709889027,0.2760397290110973,,,"","",,,,
2019-12-29,2019,0,,NE,MIA,1691.39639588202,1336.39957264986,0.9181668012377792,0.08183319876222084,,,,,Tom Brady,Ryan Fitzpatrick,208.65058526719437,126.93665954794406,-1.3176275643550766,17.971486195302084,0.9146471002067413,0.08535289979325866,,,"","",,,,
2019-12-29,2019,0,,HOU,TEN,1583.65970771662,1488.96735503762,0.7148919287400012,0.2851080712599988,,,,,Deshaun Watson,Ryan Tannehill,240.91749891490346,134.35694177783395,24.92344255940318,7.802518037739481,0.7369344213497407,0.26306557865025926,,,"","",,,,
2019-12-29,2019,0,,CIN,CLE,1313.38084196567,1429.56499755453,0.4268683769075445,0.5731316230924555,,,,,Ryan Finley,Baker Mayfield,66.19932,127.44444947643748,-57.099737703179144,-10.609497856076468,0.29236517010304397,0.707634829896956,,,"","",,,,
2019-12-29,2019,0,,CAR,NO,1551.9219446718,1677.66877619932,0.41345835591324803,0.5865416440867519,,,,,Kyle Allen,Drew Brees,43.60245701182833,226.88745187279773,-94.7709704438838,9.197032532430232,0.311946200631157,0.6880537993688429,,,"","",,,,
2019-12-29,2019,0,,TB,ATL,1435.46566424899,1401.74707170805,0.6383638676002148,0.3616361323997852,,,,,Jameis Winston,Matt Ryan,139.9772283909859,229.6478558509047,-9.913064136788657,1.1140640946874256,0.6037422698028759,0.39625773019712407,,,"","",,,,
2019-12-29,2019,0,,KC,LAC,1606.97303888513,1523.46274505082,0.7015927559976548,0.2984072440023452,,,,,Patrick Mahomes,Philip Rivers,244.11791771715014,151.5792144146458,14.194543155474333,-11.641276296884522,0.7599711187800844,0.2400288812199156,,,"","",,,,
2019-12-29,2019,0,,BUF,NYJ,1497.45491182391,1308.91390992458,0.8114560864552638,0.1885439135447362,,,,,Josh Allen,Sam Darnold,139.0925515132712,76.88745791029247,3.0883001120984095,13.36811912146062,0.7520093365348679,0.2479906634651321,,,"","",,,,
2019-12-29,2019,0,,DET,GB,1471.03764099408,1557.0085736459,0.46985699903074085,0.5301430009692591,,,,,Matthew Stafford,Aaron Rodgers,193.20080426883655,219.64918692843256,18.382240156933964,14.296393472933541,0.4087844672494207,0.5912155327505793,,,"","",,,,
2019-12-29,2019,0,,DAL,WSH,1577.50889749769,1336.19029322913,0.8536239334759612,0.14637606652403878,,,,,Dak Prescott,"",225.83635555969587,113.26713749850444,18.797184062899113,-12.05518698441221,0.8726819342181272,0.12731806578187277,,,"","",,,,
2019-12-29,2019,0,,NYG,PHI,1345.64541839974,1580.27622667717,0.27359209316052724,0.7264079068394728,,,,,Daniel Jones,Carson Wentz,117.74151260834259,177.78968243250884,-18.346676262333542,-1.7457290119355,0.24622196017179046,0.7537780398282096,,,"","",,,,
2019-12-29,2019,0,,LAR,ARI,1589.8549233214,1375.14083774753,0.833434114074991,0.16656588592500898,,,,,Jared Goff,Kyler Murray,167.08397960829,150.95006668786075,4.983752360794664,19.92971335737756,0.8323026822515722,0.16769731774842778,,,"","",,,,
2019-12-29,2019,0,,SEA,SF,1583.22750341784,1617.76263203764,0.5437304555349081,0.45626954446509194,,,,,Russell Wilson,Jimmy Garoppolo,234.20686631238664,157.11677536324044,23.074602082495236,8.031114956526423,0.4780385178691964,0.5219614821308036,,,"","",,,,
2019-12-29,2019,0,,DEN,OAK,1447.69930668059,1462.9117402373,0.5711636199575624,0.4288363800424376,,,,,Brandon Allen,Derek Carr,32.49300986819616,183.28836884153532,-92.34351084328422,16.500431953739582,0.42627042409060806,0.5737295759093919,,,"","",,,,
2020-01-04,2019,0,w,,,,,,,,,,,"","",,,0.0,0.0,,,,,"","",,,,
2020-01-04,2019,0,w,,,,,,,,,,,"","",,,0.0,0.0,,,,,"","",,,,
2020-01-05,2019,0,w,,,,,,,,,,,"","",,,0.0,0.0,,,,,"","",,,,
2020-01-05,2019,0,w,,,,,,,,,,,"","",,,0.0,0.0,,,,,"","",,,,
2020-01-11,2019,0,d,,,,,,,,,,,"","",,,0.0,0.0,,,,,"","",,,,
2020-01-11,2019,0,d,,,,,,,,,,,"","",,,0.0,0.0,,,,,"","",,,,
2020-01-12,2019,0,d,,,,,,,,,,,"","",,,0.0,0.0,,,,,"","",,,,
2020-01-12,2019,0,d,,,,,,,,,,,"","",,,0.0,0.0,,,,,"","",,,,
2020-01-19,2019,0,c,,,,,,,,,,,"","",,,0.0,0.0,,,,,"","",,,,
2020-01-19,2019,0,c,,,,,,,,,,,"","",,,0.0,0.0,,,,,"","",,,,
2020-02-02,2019,1,s,,,,,,,,,,,"","",,,0.0,0.0,,,,,"","",,,,
